Ĵ, 
 ,ʿ ְ ĽŸ 1.5 ä ׳3.4
 ,α Ʈ 5.4   ñ 0.5 +ұݸ
 ,˸øε 츮  Դ  ƴϰ  ġΰ ǥ   ö ȳ
 ,׳  ǻ  Ǯ  𸣴µ   ظ  ε巯.  ̵r
 ,ģ̶ 100  µ   ϰ  .  Ա 2 ְ   Ʃ̽Ű.  Ⱥ 𸣴µ. 
 ,ڴ ްԼ ˰ε  + ŭ Ÿ ָԴ´ 
 ,"   .  Ŀǳ ,   Ѱ ؼ   "
 , ڸ  İ   .
 ȸ,  óִ ε Ÿ ó Ű.
 ȸ,"ȸ   ɷ , ѿ ¥̴  µ ¥  ƿ."
 ȸ,ѿ¥̴ 40   Ŵٴµ   پµ  ¥    ּſ.
 ȸ,ѿ¥̴ ȳŴٴµ ¥   Դϴ.   ̿. ģ ȥ  ΰ Ծ.
 ȸ, ڸű մ ʹ  Ͻôµ ȸ  ÷ ŵ Űƿ.
 ȸ,̺  Ÿ  ־.
 ȸ,¥   Դϴ.
ĭټҹ,"ҹ, 9500"
ĭټҹ, óԴ ε ִ!! 
ĭټҹ,ſҹٵ ִµ Ծϱ ſ  ︱ Ƽ ſҽ ־ . ҽ ϱ ׳ ҹ Ű ſ Ѵٸ ִ ͵  . 
ĭټҹ,ణ ϸ鼭 ¬© ̴. ¶ε ԰  . ̰    ҽ 񺭸԰  . ٵ  ҷ  ־. 
ĭټҹ,湮ǻ ־ 㿡    Ծ.
 ī 'ƴ ִ ',    󶼶 ƽũ ߿ ϴϱ  ƽũ 񽺷 ̴ּ
 f, ִ! ٵ ݽ  찡 ִ(?)   Ծ.    ̴  . ü  Ҵ. 
 f,¥ Դ Ⱑ 鼭(?) ؼ   ä   ִ. ٵ  û  . 
 f,ݽ Ҹ .  Ҹ ~ ٵ  Ѻκ ׳ ҸԴ  . ѱ Ȯ ҷ ¿? ư ..  
ô ,  2ܰ Ҵ. 
ô , ε  ʰ  ڱ̾. 
ô , ε巯
ô ,¦  Ⳳ. 
ô ,  ־ ~! 
ô ,ȿ о . ׸ 鵵  Ա Ҵ. ٵ  ..
Ŀ,̹  Ƽ ȿø ߴµ ŸӼ ̤ 𸣴 п  ÷??
Ŀ, ó Դµ  ʹʹ ģϽñ  Ƹ޸ī ¥ ִ!!
Ŀ,  ϱ Ƹ޴ ϴµ (ʵԸ̶ ޴ ĿǸ Ծ) ̰ ϱ ޴ϰ  Ѹ...? 
Ŀ,¥ Ѹε ư ־ 
Ŀ,ٵ ڸ   ڸ Ⱦϸ ȸԴ° ...
Ŀ,̹   ...
Ŀ,ʹ ԰;  ٿٿ ɾ Դ..
Ŀ,ʲ 鼭 °Ű ʲ ָ ٴϱ   ּż ͼ 
Ŀ,ϸ ޢ
Ŀ,⸻ б  ԾФФФ
Ŀ, ȵ    ־ŵ 
Ŀ,߿   ͼ ž Ф
Ÿ 赿,̶̺ õ  µ   ƴϾ. 
Ÿ 赿, ǹ    õ Ǹ .. 
Ÿ 赿,  ġ ſ ܹ ̺ 丶 ޴  Ư   .. 
Ÿ 赿,̺ ʽ Ҿ  Ÿ  ճߴµ ƽ..
Ÿ 赿,ؿ    ٷ  
Ÿ 赿,"    ,  ϱ  ѽ  ! "
Ÿ 赿, ѱ׸    ֹؼ ϰ  Ծµ װ   ƽ.. 
Ÿ 赿,     ູ߾
Ÿ 赿, ׸ ֱ׷ 𸣰ڴµ ŷ ƺ ..
Ÿ 赿, Ź  
ε,簡 ⸸ ϴٰ óôµ ʹ ־ 
ε, (12000) ̶ ⸧޹и(9000) ޹и(8000) ԰Դµ  ־!
ε,θ  ó ְ   Ǵ°??   ϴµ   ǰ ʱʱ? ؼ Ҵ
ο,ȫ 3..? û 
ο,  ־ 10 ٸٰ .
ο,ο8000 ѸԾ.
ο,"ణ 뱹  ⱹ  ߴ . ٵ ̰  ǰ̶,,ٸ  ٸ   ־!"
ο,  ƴϰ  Դ    .
ο,־!
￪ ó !,ȫ ܿ ٸ   Ұ൵ ?
￪ ó !, 𸣴 п  ڴ٤ФФ
￪ ó !,¥ ̾..
￪ ó !,1ȣ Ÿ ٸ  ٰ ߿   ޹° ˾ƹ..
￪ ó !,  Ÿ ٰ  ε ¥ ʹ   3° ٳȤФ
￪ ó !,̰ Ȥ Ǹ 
 ɸ,.. Ÿ  Ÿ ̿ ø   ִ   ...
 ɸ,ſ 
 ɸ, 7000̾.. ſ ߰ϸ 500پŰ
 ɸ,..  νƮర ̾...
 ɸ, â̶ ϴ
 ɸ,  ۿ  
 ɸ, ܹ ʹ  ̿ 
 ɸ,ػ깰  Դµ..
 ɸ,׷  20000..
, ģ ȫ̶ õ
," õ ̸ Ծ  Ÿ ˻ؼ ˰ ׳ νŸ 丮 ÷ȴµ,  ģ  õص ~ ̷ ׳ ߴ"
,·  § ؼ û ־
,§ Ⱦϸ  ©(?)
,׸   Ŷ ǳ?    ȳ
,ٵ  ҿ Ŷ  Ծ  (?) 
, ׸ 尡絵 1/2Ǭ ־ Ծµ  ־
,湮 ǻ 
ӸĿ,"̹ޱ Ѵ,,,,,,,,,,,,,,,Ф"
," 3õ,  3õε  ! "
, β   ϳ  ƴѵ??   ̻ Ǯ ־ֽŵϴ
, ⵵  ƴϰ  ָӴ  ģϼ
,ڷη  մ پ Ƽ ÷
 Ƽ,źθġŲ ޴ǿ ٷ   ޴( ġŲ Ʈ  ¼...) ״µ źθġŲ ξ ־!!!!!!!! 12000̾  ƿ 11000ΰ
 Ƽ,Ŀ ġŲ+丶亣̽ ñġ+ ̽ װ Ŀ  11000 ߴ  ƿ
 Ƽ, ͳԴϴ! 2500!
 Ƽ,ñġ  ¼ ī ó Ѻôµ ε巴 ũϰ ణ  尰 İ̸鼭 ¥ ʹ ִФ 
 Ƽ,īҽ   ̰ſ?  ⿡   Ǿ־   ʹʹ ־ϴ~~~~  
 Ƽ,"Ŀ ׻ ҰͰ µ Դٺ 谡     ׸ ͳ ׻    ϳ ,,,, "
 Ƽ,     μ ...!!!
̸, ٲǰ...   ϰ Ƽ  ȥϷ µ ׸ ﺸ ϰ   οž;; 
̸,޴  þ ; ״µ ߱? ? ָӴ θ̼ ֹ ް ֹϰ Ͻô Ű ʹ .. 
̸,  ״µ Ը԰   ϰ ܼ   ԰  ...
̸,Ĵ翡 ƹ 뷡 Ʋְ մ  ȥڿµ   ϱ   ٸ ̺ ż ̻ ߱ ƮƮ?  鼭  ۰ Ͻô 
̸,Ҷ  Ȥ ٲųİ  ÷ ׷ٴ ߿  ƴ϶ Ͻô;;  ˾Ƶ°ǰ...
̸,ư  Ȱ   ϰ
 '', ϴ  ָ!
 '',   ˷  Ұܤ
 '', ٻٻ  
 '',     ʹ Ҿ!
 '', Ⱑ ֿ ö԰ŵ
 '',׷      Դ
 '', ǰ Ǫϴ.
 '', 븥  Ծ  ?
 '', ⼭ ó  ǰ ̻ ˾Ҵµ
 '',1  񸮰 ؼ ִ
 '',׸ ܹ䵵 Ȥ
 '',ܹ   ó̾ߤ
 '',   ξ   ԰  ѻٸ  ..
 '', Ϲ 屹 ƴ϶ 簡 ´!
 '', Ծ   ž ƴ
 '',   屹 õ ??
 '',  ȫ뿪 ŭ ־
 '',ȫԿ 10 ɾߵ.
 '',ö ȯؼ  Ÿ ° õ!
 '', ε ġ  ϴ   Ÿ ı ÷þ..??
 ,Ļ 
 ,µ ĽŸ ΰ 5500̶    ..
 , ˹ٳ  ʹ ļ   . ʹµ  ִٰ   . 
 ,ٵ ... δϱ...
ȫ ȫ ó ݵ Ĵ硯,ȫԿ ־  ôµ
ȫ ȫ ó ݵ Ĵ硯,¥ ݴ  ̾.
ȫ ȫ ó ݵ Ĵ硯,"׸ ϴ (?) ¥ Ư ߴµ, "
ȫ ȫ ó ݵ Ĵ硯,̰  δ  ϰھ...
ȫ ȫ ó ݵ Ĵ硯, °    ִ . 
ȫ ȫ ó ݵ Ĵ硯,ġ ӱݴ  ޴    .
ȫ ȫ ó ݵ Ĵ硯,"  ̰,  8000̾."
ȫ ȫ ó ݵ Ĵ硯,Ȥ  ɱ  ϰ ִ ̺Ʈ Ծ.
ȫ ȫ ó ݵ Ĵ硯,    ϱ ٷ!!
Ŀؼ , ϳ̤ФФ
̽ ո (̴- ),չٿ~~!!!! 
̽ ո (̴- ),   
̽ ո (̴- ),˴
̽ ո (̴- ),Ͽ âϿ 
 ,",  ó Ǵٴ  ù(ī)   湮 Ұ,    Ÿξ߸ ̱    ."
 ,"ġ  ȸ , Ҿ 丮    Ⱑ ¥ ְ ī  Ѵ."
 ,    .
Ŀ,ھƸ ó Ծ
Ŀ,α
Ŀǳ.,Ŀǳ.......
 ۷, 2 +  7 Ѽ 75000  
 ۷,ְ  Ƽ  õ
 ҹ ,ΰ 縹 ֱ 
 ҹ , ޶    ݾƼ (Ф) ̿ ̴ٰ µ  ־ õַ!
 ҹ , ҹ  ̶ ε
 ҹ ,  2 ű 1 Ծ
 ҹ ,2κп  Ѱ  µ ¥ Ǫϰ  .  β!
 ҹ ,۰ ... Ⱑ ޴ ̤̤̤ ϰ   ƴ϶  ..ߴµ.. ܷ ʹ ־ Ǽ  
 ҹ ,1κп 12000ε ¥     ̻̾!!
 ҹ ,ű쵵 1κ ״µ
 ҹ ,  ű ִ ٸ Ĵ鿡 ؼ ϰ ũ⵵ ߾!! ۰ û ̱  ФФФФ   2 ݸӱ...
 ҹ ,    Ծ!!   ̵Ť̤
 ҹ ,  ٸ Ͽ  ( Ͽ   ȳ̤ 򰥷 ) + 񽺷 ּ!!   ġ ä   κε Ǫؼ ..??
 ҹ ,"   Ⱑ ų ϰ, ִ ⸦ ڴ μ ϴ  鿡 !!"
,  ݴ´!!!
ݵ Ĵ, ó ݵ Ĵ
ݵ Ĵ, 8500ε ȫ  10 ſ
ݵ Ĵ,ع   ־ ȫ ó ÷
ݵ Ĵ, ߸ Ž̿
,  8500 !   Ἥ ó Ҹ  ʴ´ٰ ϴµ   Դ Ͼ«̶ ũ ٸ 𸣰ڴ..? 
,« ȸԾþ  𸣰ھ
 ũ, Ͽ ŭ ġ η ; 湮 ũ 
 ũ,ϳ ϴٴ ̾߱⸦ ͵ ־ 湮Ҷ  뵵 
 ũ,׸Ͽ ֹ ϰԉµ  ̻   ݰ
 ũ,1 1 ⺻(ũ ѵ)̶
 ũ,̽ Ƹ޸ī + Ϲٳ ġ̺
 ũ,ļ 17800
 ũ,ũ ϳ  ? 󺸴١   1 1! ޴ ־
 ũ,׷ ؼ ԰Ե ũ
 ũ,ϰ ڸ  Ʊ ʾ
 ũ, Կ(ʹ 幰Ÿ ʰ) ũ ü  
 ũ,̶ ٳ ̴ ְ!
 ũ,ű⿡ ũ ̴ ݱ Ծ ũ߿ ְ 
 ũ, ˳ϰ ũ ԰ʹٸ ϰ 
 ,ź
 ,9000
 ,ְ  
 , ⸸ 
 κ붱JBD ,θ õ  µ ְ  Űƿ 
 κ붱JBD , б    ̸ֹ ø Ÿ?
 κ붱JBD ,̹ ˻ϸ ġ Ϳ
 κ붱JBD ,ֺ  ѵ  ̾..  ÷ϴ 
 κ붱JBD ,12ñ Ͻôµؼ 1 Ұ ƿ
 ,  ٳ!!
 ,   ī̼ 18000  ٰ ߴµ ¥ Ҹ ԰Ծ
簡Ʈ, 簡Ʈ ַ Ѵ......
ȫ ,2 ָ ɸ԰  ã   
ȫ , õ̶ ī   ִҿ ִٺ ġ  ̾
ȫ ,ٳڶ ĺιٸ Ѻôµ
ȫ ,ĺι Ư ٻŸ Ѻκа ˵?   
ȫ ,ڶ ٴ  ־ ⺻ ̳  ߱   Ʈ
ȫ ,ȫ 8⿡  Ƿ ĺιٸ Ѵٸ ѹ õغ  
,ٽ   ٿ 
,  ٴ   о  
, ڸ  Ͼ«Ͱ  « ΰ  ع ⸦  ־µ  «͸ ϴ
, Բ 庸   ÿε  « Ұ ſ  ö󰡼 ظ ټ ִٰ ǹִԲ ݴߴٰ Ͻ...Ÿ
, « ϴ մ  ̺  尡縦 μ̰ 尡縦  Ǫ Ⱑ   Ƶ  .  «  ٰ   
,׸   ƿ  ع̶  ֽð   Ǫ . ü 絵     Ƽ   ѱ׸ Ծ θ  
,Ե  ģϼ̰ 庸´  ˷ּż   Ҵ. 
, ε մԵ ǵ  ޾ ͸ װ ޴ ϰ Ͻó ڷγ  մ  ʾ Ͱ Ƚ׿  Ŀ  𸣰ڴٰ ϼ̴.
,ü   ģ   ̾. 湮 ǻ ϸ  ģ鿡Ե  õ 
,(ι°  尡 Ǭ  )
ŽŰģ,Ͽ ־ ã   ִµ ۴ ī ٷ Ʒ ֿ
ŽŰģ,  ĽŸ Ʈ ӽ ƮǮ ? ΰ Ծµ Ѵ ʹʹʹ ִ....
ŽŰģ,Ư Ʈ ϸ ...
ŽŰģ, ¥ ƿϱ ̰  Ծߵ
ŽŰģ,  ĽŸ ־µ  Ʈ ǰ ʹʹʹ 񱳵 ȵǰ 
ŽŰģ, ȫԿ   Ⱦµ 湮 ܿ   츮ۿ °   ӱݰ  °ž. 3  մ ôФФ
ŽŰģ,¥ ϱ   Ծ. ׸ ڰ õ ʹʹ 
ŽŰģ,츮 ڿ ϴµ ڿ Ͻô  е ð     ڴ??
Ǵ°, Ǵ° ٿ!!!!
Ǵ°, ģ  ణ Ӿ̱ѵ
Ǵ°,"ɰ⼼Ʈ a Ѽ ,,긮 ־"
Ǵ°, ణ ұݰ ⿳
Ǵ°, Ư վ
Ǵ°,  ķũ ø    ᳪĹħ ̳ ߽ Ƕ ־
Ǵ°,"ö   ѷ ġ  ξ  縮 (?,ֵ Դ°)  ٺťҽ ־"
Ǵ°,"ұ, ͻ, ̳ ֽð ûϸ û߶ õ ֽ"
Ǵ°,  հ  ϰ ͼ   Կ   ü ¬©..
Ǵ°,ٵ   ̰̰ Ա⵵ ϰ ü ĥ Ƽ ~¥ԸԴ ģ״  !!!
Ǵ°,Ƕƶ ġ ̶  μ  ϼ̴µ δ ׳ ׷
Ǵ°,ٵ پ ҽ ϰ  鿩Դ° ϸ !
Ǵ°, վµ ­.. Դٰ ִµ  ϱ ԰Լ   ֽ~
Ǵ°, ٸ԰ Ѷ꺺(ʹ Ծ;) ־. ణ ڴ    ġ ͹  ޴µ ġ ̽ ƴϰ ణ ..  ʶ  ʳ?
Ǵ°, θ⵵ ؼ ٸ
Ǵ°,  ¾   
Ǵ°,  ģϼ̰
Ǵ°,450׷ 30000̸     Ҿ!!!!!
Ǵ°,ư ڷγ ñ   ܽ̾ٸ~~
 ,"    ȣ׵ - 33,000"
 ,޴ ϳ 3 Ѱ ẻ ó̶ Ƽ  
 ,    ż ſ 
 , δȴٸ ɸ޴(9õ)  ѹ  
 ,"]""["""
,ƴϰ  
,  Ĭ
,ϰ ִ ֵ
, Ƽ Ұ̳ ģ̶ 2 ø   ƿ:)
趼 â ȫ!,äâ 1κп 11000 ( 2κ ׾)
趼 â ȫ!, и  ٸ  Ѵٰ ...  ٸ  ñ Ѻýϴ! ο ׾. 䰡  ... 
趼 â ȫ!,  ƿ. ä  ְ 鵵  â 絵 ǰ ƿ.   ̿. 
趼 â ȫ!, Ҵ  !  ޴    ϴµ   ޾Ƽ Ҿ. ġ ɲ  şm ڴٴ  󱸿. ׸ â ϳ   ż߾. â ¥ εε   â̴. â ־ ⼭  ų  ƿ. 
趼 â ȫ!,񽺷δ  µ  ÷ⱹ̾.   ° 絵 ǰ Ҿ.   Ϥ   Ҿ. ѵ ⺻  ̶?  â   ִٰ ϴ
趼 â ȫ!,߰ ¥ ϰ ̽߾. ׸ ޵  ͼ Ҿ!!!!) 40и   ƿ!! 
趼 â ȫ!, ʰ  ڱ â Ͻø    ź! ̳ 帶 Ĵ â̿!!
1976  , ͺµ   . ұ . 
1977  ,۰  ȫ ϸ  ݰ(2000-&gt;1000) 3κ Ű  1κ  ֽŴ. 
1978  ,ٵ  ⺸ ä  ִ.
,ɵ 12000
,ȫ   ̹ ι° µ   ؼ ɵ ǽ
, żϰ  Դ¹(?) ģϰ ˷ֽ
,ϳ ƽ  ġ ż  .. װ    !
,̹ ڷγ 2.5ܰ  л  ܼ ̹  ȵǸ  ׸Ѱ ٰ Ͻ  ؿ ġֽ ϰ ʰǹ  ϳ Ҵٰ ϳ 
,ȫ   ʾ ڴ 
Ű, ó ִ 
Ű,ڷγ     ݾƼ
Ű,ó   ãٰ  !
Ű,    ־
Ű,⺻ ̶  Ƣ  !
Űģ,ġ콺ũ 280g 42000
Űģ,Ÿ̰Żͳġ̵ ũĽŸ 18000
Űģ,غ ΰ е  ׷ ٽ   ÷...
Űģ,ũ ݿ ؼ  ʹ  ̾ ̰ ģ ũ ݵ ȸԾ. ĽŸ ׳  ־.
Űģ,ε ο.
Űģ,츮 극ũŸ ѽð  ó 극ũŸ  ؾߵȴܼҸ  10 15 ۿ ٸ㿡 ȭް ٽõ  ڱ׵ 극ũŸ 40 Ƽ  Ͻǰų ̼Ҹ. 
Űģ,⺻ ׷Ÿ ٸ ̸ Ѵٰ . 
Űģ,̹ ٸ 극ũŸ ɸ г ¿ ű⼭  Կ ϰ Ծµ  ؼ ſſ Ǹ߾.
빮  äâ ,Ʒۺ â ʹ µ ħ ȿ淡 ο ֹ ϸ â Ѻ
빮  äâ ,äâ 1κ   ޴ 1װ  12000
빮  äâ ,  ٸä  ִ ޴
빮  äâ ,â 1κ ߾Ĵµ ־ ϴ 
빮  äâ ,  ٵ ǽųŰ
빮  äâ ,ϴܿ  ?  ʰ ణ ̶ؾϳ ָѻ ׷ߴµ ùԾȸʰ ޸ ¦ ϱѵ ְ ִ¸ſ ƴϰ ׳ ſ 縦  (Ҵ߸)
빮  äâ ,Ҹ ȳ ణ â   ٽϱؼ  ƴϿ ణ âİ̾ƴ϶ İ
빮  äâ ,ٴڿ ⸧
빮  äâ , ̶ ¿ װŰص Ҿִ  ҽ ȹ  ȸ
빮  äâ , ٵ   
,"]""["""
,
,
,ī  ƺ ó (ƺ  !!)
,
,  ƴѵ  
, 갰
, ä ӿ  ִµ ؼ ִ
,
,۱  ÷ Ⱑ  Ⱑ ƴ϶ ä ִ .. ణ νŸ  µ  ߾
,
,    ణ ¥...
,
,۰    ֽð     ÷̴ּµ 
,
,40 ٸ  ߿ ˷༭ û 鼭 ô...  ˹    ҽ     40 ٷȴٸ û ¥ Ҿ... 
,۱ ȸ ġ ߾.....   ɷ Ÿ
,
,ݵ  ƴ... 1κд 15õ 2κ ̻ Ѿ ֹ .
,"]""["""
,
,
 , ȫ ϱ  ׷ ѵ û    ƴϱ⵵ ϰ  ȫԿ  Ŷ ø
 ,
 ,ģ ߾Ƚ  ԰    Ծµ ߾Ƚ ذ?  Ǿִ    ˸̶  Ѱ 𸣰 ־ ģ Ծ ִٰ 
 ,   Ⱦ ʾƼ    ſµ   Ұ   ̰     ƴϰ   ó ִٰ Ծ  ?
 ,߾Ƚ  7900?̾   9900̾ ޴ǿ   ġ ־µ ġ Ա    Ѵ  Ŵ
ĽƼ, ְ  ĽƼ 
ĽƼ,
ĽƼ,ִ
ĽƼ,
ĽƼ,   
ĽƼ,
ĽƼ,   
ĽƼ,
ĽƼ,Ƽ    
,"]""["""
ȣġ,ȣġ ٳԾ~!
ȣġ,ġ   ġ̶ ѰŰ
ȣġ,̶ ģ Ʈϳ  2 ߰ 2  ؼ 4.5°Ű׿
ȣġ,Ե ģϽñ Ҹ ƿ!!
ȣġ,Ư ߸첿ġ  õԴ!
ȣġ,  ?!  ƴϱ ݴ 
ȣġ,  ġƿ!
ȣġ,̳ 轺Ʈ ߸챸̶ ಿġ!
,"]""["""
,
,
 ġī, 6
 ġī,6 ΰ? 7 ʿ ؼ ̹   1η θ ð ٳԽϴ! 
 ġī,
 ġī,ϴ ü   ٴ  ޾ҽϴ.   ó  Ծ  ٸ ʹ ؼ ŭ   ߾. 꿡  信   ٰ ؼ     Ŷ ϴ. §ٴ  ΰǴ  Ͻ   ƿ. 
 ġī,
 ġī,"  ̼ ϴ ̰ ڸ 8 ־.(׷   ġؿ...)  6 Ǿٰ ϼ̴µ  ϱⰡ ϴ   ɾҴ   Ŀ  ںν ż , ϼż ̰ Ļ  ־. "
ƹ, ް ִ ƹ 
ƹ,
ƹ,࿡ ϴ 
ƹ,
ƹ, Ծôٴ    Դٺ  -   Ƹ԰ ʹ   ϴµ 
ƹ,
ƹ,ƿ ౹ ̽ ؼ   
ƹ,
ƹ,  ڰ -ϰ -Ѱǵ - 鿡  ƽ 
ƹ,
ƹ,̽ ƹ ̴  ᰡ νϰ Ե - Ų㺼 ûä ٰ İ    ƽ ´ 
ƹ,
ƹ, ϰ ٸ ǸҲ ٸ 丮 ϸ ׷ ִ(̶ ) 
ƹ,
ƹ, ϸ ѹ ??
,"]""["""
Ŀ,ʶ׽ϰ   ٸ ĵŷ ƾƳ  ϰ
Ŀ,Դµ Ŀ Ű ̴ϵƮ ᷡ!!
Ŀ,Ʈ̽ũ /  / ġor ġ ũ 
Ŀ, ѵ Ф    !!
Ŀ,ī  ĿǶ ī thumb coffe ü !! 
Ŀ,ƾ 3500 ¥ Ųǵ ũ༭  ູ ũ ¯ SS Ĳ p ̾!!!
,"]""["""
Ȳ,ȫʿ Ȳ  ٰ ؼ ôٰ  ʹ Ʊ ı ϴ٤ФФФ 
Ȳ,
Ȳ,"ɵ 쵿 ѸԾµ,  β  ⸧   ʹ ؿ..  ҽ   Ѿ °ſ...."
Ȳ,쵿 鵵   ; Ծ;;;
Ȳ,ĸ ο ׷ ٵ Ź  ĸ û ƴٴϰ.....  ַ ϴ  մ ۿ ŵ ׷ е Ѹ ϴ°  鸮 ؼ  巯....
Ȳ,ͼ ǳ ^^
Ȳ,
Ȳ,  
Ȳ,
Ȳ,  ī  ĸó߽ϴ
,"]""["""
,
 Ÿ,"± ,  ̻, ǿɼ "
 Ÿ,
 Ÿ,ƴϰ ѻغ̴µ  ߵؼ  óФ  ־ ҹ Խϴ
 Ÿ,c ĽŸ  ϰ ä Ǵ⵵  
 Ÿ,־!  湮
,"]""["""
̿쵿,"̿쵿 װ 6,000"
̿쵿,3  ⸻  װ Ծ     . 3    ® ͵    § ̶ ׷ ϰ . ҷ Ƣ  Ŵ. ٵ  ̿쵿 ְ޴ ī  . װɵ ֱ ! ڷ쵿 ϱ  Դ  ȣϸ ڷ õ.
,"]""["""
,
,
 ÷θٹ, ߽  ̶   « ¥ ־    ð  Ϸڶ  ϴ ġ  Ǫ ̿
 ÷θٹ,
 ÷θٹ, ڱ̰ų ġ  ʰ    Ű鼭 Ҹ Ҵ «Դϴ Ǵ⵵ Ǫ߰ ä   ־ Ҿ δ  Ծ «߿ ְ!!   ģ ִٰ ϴ  « 8000Դϴ
 ÷θٹ,
 ÷θٹ,嵵 ϰ Ҿ ٸ     µ ȥ䷯  ʾҽϴ٤Ф ġ ε κ̿ ῡ õ ִ  ƿ
 ÷θٹ,
 ÷θٹ,« ԰ ʹٸ  õմϴ??????
,"]""["""
, ȫ  !!!
,
,ؼ   Ծ ؼ ÷
,
,ΰ ִ   ö  ģ̳ θ ð  !!
,"]""["""
,  ÷ ̾..     ڶϰ ;...  Ƽ׾...
,
,"Ƽ 8600ΰ?8400ΰ? + ġƽ, Ƣ 2800 +  2000"
,
, û  Դµ ¥  Ҹ   ˴
,
,Ƽ   û Ƽ 㿣 ſ ߰ҵ! 
,
,ƽ Ƣ++ Ʈ  ڴ 
,"]""["""
, ־??
,ݼ ߰ ʼ!!! 븥    ä ̸Դ  ̶ ??
,Ƣ ִ 
,"]""["""
,
,
 ,ݿϿ µ   ڸ .. 
 ,簥 ÷ Ծôµ ¥  
 , ø̴   ģ  
 ,Ե  ֽŰ  θ
,"]""["""
/ũ,8ⱸ ʿ  /ũ  ̰ Ĵ 
/ũ,
/ũ,ũ並 ״µ 20 ٷȴ.
/ũ,    ִµ   6 մ ֹް ԰ 
/ũ, ũ丸 ̷ ɸ°ɱ 
/ũ,
/ũ, 츮 ƴ ũ  ް ް ޴
/ũ,ٵ ȫ뿡 ũ ؼ ũ ԰  ۿ  
/ũ,  ̷ ٸ  ʰ
/ũ,׷ ȯҹް ׳ Ŵ
Ű,Ȳݹ뷱  -Ű-
Ű, : 4.5/5.0
Ű,
Ű," : Կ  ȯ , ޽ "
Ű,: ηº    .
Ű,
Ű,  ȵ  Դϴ. 
Ű,ġ  ຸ ణ ? б  Ӵϱ Ͻð.
Ű,
Ű,۷θ ϸ Ӹӿ  ȵϱ ̶  帮ڽϴ
,"]""["""
,
,
 ˷, 3õտ Դ ±Ĵ
 ˷,ݴ밡  ִ ̶  ԰!
 ˷,
 ˷, Ÿ ( ſ   ۽..?)
 ˷, δ (  ô  3 Դ´..)
 ˷, ٰ ... 
 ˷,
 ˷,  ְ    ٵ  شٰ ϸ    5߿ 3!
,"]""["""
,
,
  ,ǰ ޸   ־!
  ,丮 Ѻи ôµ  ʾ ھ
  ,
  ,ƺī  ; Ƽ  ¥ ־~!
,"]""["""
Դ°,󸶴  ִ Դ  
Դ°,¥  ؼ
Դ°, 3ðȸ ° ϰ
Դ°,׷ٺ   غؼ 
Դ°,  ̻ ȵǴ ͵  µ
Դ°,
Դ°,  ʹ ־̳
Դ°,
Դ°,ȵǴ ĵ  ޴  ٲٴ
Դ°,ֹ  ̸  ϴ ؾ
Դ°,
Դ°, ޴  ϸ ڴ  
Դ°,
Դ°,θ̶  Դµ  ˼
Դ°,
Դ°,ű  µ  ܿ Ź ġ° 
Դ°,Ƽ ֹ ϰ ٸ 
,"]""["""
ȭ,ȭ -  ſ Į Դ¸̾. ԰    . Ÿ  淡 ߴµ ΰ ʹ
,"]""["""
,
,
 Ÿξ,ῡ ȸ ԰; ͺþ!
 Ÿξ,
 Ÿξ,   ̰
 Ÿξ,  18000Դϴ
 Ÿξ,
 Ÿξ, Ծµ   Ȯ 鼭
 Ÿξ,  Ʈ ϰ ÿ Į?
 Ÿξ,
 Ÿξ,Դϴ 
 Ÿξ,
 Ÿξ,ڸ ޴  Ϸ;߰ڴٴ  
 Ÿξ,
 Ÿξ, ȸ  ı ڽϴ
,"]""["""
߹ߺκ,â  ߹ߺκ
߹ߺκ,
߹ߺκ,Ÿ 鼮ϱ淡 
߹ߺκ,
߹ߺκ, Ŷ ſϴ 
߹ߺκ,
߹ߺκ,߹ߺκ  ̴߹  ְ ſ 
߹ߺκ,
߹ߺκ,   
߹ߺκ,
߹ߺκ,ģ1: ȸſ   µ ִ
߹ߺκ,ģ2: ְ ߵ (§)
߹ߺκ,
߹ߺκ,̵ 礡ߵ ӱ۰
߹ߺκ,
߹ߺκ,ٵ  ӰŹ 
߹ߺκ, ǿ÷!!
,"]""["""
,ɵ ־ ??
,Խ  ɵ   µ ĥ    ö淡  Ⱦ
,1뿡 µ  4° մ̾.
,   겲 Ծµ 忬 ̾    ʹ   ʰ ߴ  .
, 絵 Ƽ  ų  ʾҾ!
,"]""["""
,
,
ؿ ,ĵ 8500
ؿ ,ƿ丮  ٺ ִ 
ؿ ,б  ֱ   ó ѹ 鷯ñ 
ؿ ,ϴ ̶ֹ ԰ ؼ  
ؿ ,۰ İ  żϰ  ׾ֽ.. 
ؿ , 巴  
ؿ , Ƽ ҷ
ؿ , ޵ Ͻôµ ġ 
ؿ ,
,"]""["""
,
̳Ĵ,ҹ 7900
̳Ĵ, Ĺ ܹ ߼Ϸ °
,"]""["""
,?? ı 쵿 Ծ.
,ִ. ü  .Ҿ ĥ 
,Ҿ         .
, 㿣 ̺ Ծ
,"]""["""
ĺ긮ī,ĺ긮ī ̷ ߾?
ĺ긮ī,
ĺ긮ī, ־ ī߹ 缭 Դµ
ĺ긮ī,ī  ʹ ȳ ϳ ȴ޾Ƽ
ĺ긮ī,ô ̰ 
ĺ긮ī,  β ߷־ ̾µ
ĺ긮ī, ִ  
ĺ긮ī,
ĺ긮ī,  ߶ ޶ ؼ  ԰  ž
,"]""["""
,
Ʈ Ű,  źϷ5 18 1  138ȣ
,
Ʈ Ű,*Ķ̵ ġŲ ݸ*
Ʈ Ű,
Ʈ Ű,״ Ƣ  ߷ ġŲ Դϴ. ٸ ϰ ̴  ̸ Ƣܳ ׾Ƶδ Դ ƴϰ ֹ ٷιٷ Ƣ° ϴ. ݸ Ķ̵忡   7 ־ϴ.
Ʈ Ű,Ծ ߰ Ƣ Ѵ ⺻ Ǿ ˼ ־ϴ. ˷ȴٽ ٷιٷ Ƣ⿡   ־.
Ʈ Ű,λ       ־Դϴ. ׷ٰ ġŲ ε巯° ƴϰ      ̶ Ͻø ˴ϴ.
Ʈ Ű,׸  ſ մϴ.  ְ   ݸ Ծ ¥ Ա  찡 ִµ(KFC Ư 'ش')  ּ  Ը Ǹϱ.
Ʈ Ű,
Ʈ Ű,"ƽ    ǳ  ϴ. ̺о ְ  Ե KFC µ,   ũǸ Ծ    带 Ҵ ﳳϴ.  'Ʈ Ű'  ϴٸ   ƴϾϴ."
Ʈ Ű,׸  Ե  ƽ.  κп (  ְ)    ϴ.
Ʈ Ű,
Ʈ Ű, ֽô ҽ  ô°  Ծ   巯    ϰ ڱԴϴ. ׷ٰ  μҽ  ڱ ʽϴ. Ķ̵ ҽδ  ġŲ ҽ ״ Ѵٸ ︱ ǹԴϴ.
Ʈ Ű,
Ʈ Ű,: ġŲ κ ȭ 뿡 - ġŲ̶°  翬  ̱⵵ մϴ.   ƴԿ  ε  ϰ ִ ̶ Ǳ⿡ λԴϴ.  ƽ  پ ߴٴ° ⺻ ȵǾִٴ° ƴմϴ. .  Ը  Ը ƴ  õص帮 ͽϴ. ѹ źŵ ȸ ϽǰŶ մϴ.
Ʈ Ű,* 4.0/5*
Ʈ Ű,"Ÿ: ιԾ õ帮 ̴ϴ. ġ ó 3 л ֹϱ⿡ Ұ ϴ. ð 15~25 .  α Ķ̵() ݸ 10000, Ѹ 16000.  1000 ."
,"]""["""
,
Ʈť,"︲ ұ ʿ ־  ֱ ѵ ¥¥ ..  2  µ  ־  ,,"
Ʈť,"ǥ ޴ ߳īε ġī̽ !   , ؿ Ÿھ߳īε   ־ Ф ۰  Իũɵ ̰"
Ʈť,׸ Ե ʹʹ ģϼ... ¥   ȵȴٴ  ø.. ī ϴ    !
,"]""["""
簨,ȫ 8 α yzũ  α 簨
簨,ع  ɰ 
簨,  Դٰ ϴ  ¥ Ͻø ׳ 
簨,  ԰  ;µ ̹   ־
簨,߿ ̳   ٽ ø鼭 ǰųİؼ ƴ϶ ߴ ѹ ׷  ȵô󱸿 ¡ũ(Ʈ츶 Ͻð ; ?) е.. ̷鼭 
簨,׷  Ų ԰    ٸµ ̹ ⿡ ĸ ɾƼ   
簨,8000̶ ݿ   絵 ζ ٽ   
,"]""["""
,Ŀ  ٰܹƮ
,
,  ؼ ̵ ˰ ׷ ÷;  ??ٰܹƮ??  ִ°    ġġƹŸ
̷,չٿ ϴ» ....? 
̷, ϴ» ..?
̷,
̷," """"""̷"""""""" ̴ ..... """
̷,
̷, Ÿ Ĵ ġϴٰ ͔fµ ¥  .. չٿ SSϰ  ̰ܶ Ըε ܴܹ̿ (̸򰥸..) ̰ ¥   ++⺺?  ¥ ְ ٵԾ ....  2б⿡   (̰Ը)   ....... 
̷,
̷, ñ չٿ+ܴܹ̿ ؼ  ̰  .... ڰ .. ̺ ־ ȥ䵵 Դϴٿ
,"]""["""
,
ں,"ݹ  19,000"
ں,"ִ  5,000, ũ 7,000"
ں,
ں, Ѱ ƴ ̾ !!! 
ں, پؼ   ʹ
ں,  ġ õ !!!
,"]""["""
ƺ,ȫ ƺ ߲Ƣī8500 + ư4000
ƺ,߲Ƣ ȫ뿡 ִ ƺ  Ǵٰ 
ƺ,ī Ⱦϴ ε  Ⱦϴ  ϳ ȳ ¥ ־̤    
,"]""["""
,
,
ȭ,"й , ̷ Ÿ ø  ó̶ αٵα??"
ȭ,
ȭ,"     4뿡 Ĵ ãƴٳµ 귺Ÿ ,  ū  ԰ ; ϴٰ ȭ࿡   ͺþ !!"
ȭ,
ȭ,ֹ ȭ 1ܰ(ΰ??) !!
ȭ,
ȭ,ĮĮѰ ԰ ;µ  ϴ Ŷ Ҿ. ٵ ̶⺸ٴ ణ 쵿(?) ׷ ̾.
ȭ,
ȭ,"ο  ſ (̸ ;;)  ̶ ̰ ε,   Ŷ鵵 ſϴ  ŹҰ ;)"
ȭ,
ȭ," ¦ Ư, 踸 Ⱥҷ  Ƹ԰ ;(ٵ  500 ߰ؾߵǤ)"
ȭ,
ȭ,",  ɸ  ƴѵ ȭ   3   ٷ Ǿ  ϸ 1ð      ??"
,
,
ڸ ֽĴ,ȫ  հ ̿
ڸ ֽĴ,ʸٰ ÷簡ôµ
ڸ ֽĴ,2Ѿ ȥڿ
ڸ ֽĴ,
ڸ ֽĴ,ġ 2ñε  ׳ ġ̴ּ
ڸ ֽĴ,"α׿  ŷѰ͸ ̷صμż  Žñ, 󰡼  1  ̽ŰͰ  Ÿ"
,"]""["""
ôٸ,ô   ̻  Ծ... 
ôٸ,
ôٸ,ϴ ̾µ.. 
ôٸ,
ôٸ,̰  ϱ.... .....
," ɵ 12,000"
,
,   ϴٰ  ͺ
,ɵ ְ ޽þ߶  ٸ 
,Ÿ ۿ   ġ  ܹ   ŭ
, ó̳İ  ֽð ģ  ּż    ħ  Ŷ 
,ͻ   Ծ  ޶ ߴ ٸ ׸   ּż Ҿ
,մ  ־  ԰ ִ ε 3    ־
,
,3~5  극ũ Ÿ̴ϱ ؼ 
,"]""["""
, ȵ
,   ִµ ʹ ;; 絵 ʹ  
,⸧ ణ   ״ ٽ  
,"]""["""
,
,
ôٸ, ϱ ֳ׿
ôٸ,  õ̾µ  ٲ
ôٸ,ݶ  ּ̾
ôٸ,"-100g 1500, ġ 1000, Ұ/ ߰ 3000, ֹּݾ 6000"
ôٸ,
ôٸ,    ߿   .   ̰  .
ôٸ,
ôٸ,"ǵκ, Ǫ, ûä, , ̹, ̹, , θ, и     ְ κ  ߷־  Ѱ ."
ôٸ,ٵ û  µ    ʹ ƴ. ݸ  Ƶ  ݹ ö󰡰 絵    ؾ.
ôٸ,
ôٸ,ٷο ٻѵ ҽ ŭ  ؼ  ¦¦  ִ.
ôٸ,
ôٸ,  ϴ¸ŭ   ִٴ  .
ôٸ,
ôٸ, 100g 1200ΰ 1300̾µ ۳ Ĺ  ϸ鼭  ö ƽ  .
ôٸ,
ôٸ,ȫ9̶  б ׷  ʾƼ  .
,"]""["""
׸,Ʈ    ׸̸ ҽϴ.!
׸,(   νŸ̿  Ź帲)
׸,
׸,н ȣл ߰ߴµ 켱 ־! 
׸,Ʈ ٴϰ ȣл̶  ȳȱε  ƽ   ġ ʹ ޾Ҿ̤ 
׸, ׸Ʈ  ΰ Ф н ణ Ϻ ̾ .!
׸,׷ ȳȱԴϴ ѹ 
,"]""["""
,
,
žپ,޴: 丮 (11000)
žپ,"ִ°: 峯, 쵿, Ƣ, Ƣ, Ƣҽ, ع(ġ+?)"
žپ,
žپ,峯(3/5):  ̶  ִ° 信  Դ°.    Ƽ ƽ. 
žپ,
žپ,쵿(P): ׳ 𼭵   쵿̴ н. ƯѰ .
žپ,
žپ,Ƣ(1/5): ٻѰ  ѵ ʹ ⸧.  ҽ 㰡 . 㰡 Ծ ϴ.
žپ,
žپ,Ƣ(2/5): ߰ ü   ̰͵ . Ϻ Ƣ Ƣ ٻ ٽ° ŷε ̻  ٻ ٽ .  õ ( õ ưư)
žپ,
žپ,(P): ް ¬© 庣̽ ҽε.   ׸ ִ° ҽ.  Ƣ Ѱ 翬Ѱ. װ ҽ ȭŰ° ߿.  Ҿ  ɽؼ  ִ Ƣ ⸧ Ŀϱ⿣  . ̷  ҽ ſ Ƣ   ϰ ° . ƴϸ ҽ     ְ Ծ .
žپ,
žپ,ع(1/5): ġ   ģ Դµ  ü ϱ  ׳ ġ  . ļ   (巹ΰ?  𸣰ڴ)   ȭŰ  ƴ϶ ƽ.
žپ,
žپ,(5/5):  İ   Դ ε ̰ ԰  θ. γ ߸Ծ~
žپ,
žپ,湮ǻ: 
žپ,ҽ ٲų Ƣ  Ϻ ٲٴ ҽ ´ٸ ٽ ã  ִ.   Ȱž
,"]""["""
,
,
ĺ긮ī,ü տ R 2 ߴ󱸿!
ĺ긮ī,   ִµ Ư ũ ƾФ̤ ũ  ϴµ ⲫ  ƾ
ĺ긮ī,ű鼭   پ ƽ ϳ غϴ^^
ĺ긮ī,
ĺ긮ī,????????
̺Ÿ,̺Ÿ µ 信  
̺Ÿ,Ƹ  ٴڿ  ̷ 
̺Ÿ,"ȯ ް Դµ, ణ Ǹ"
̺Ÿ,ư ..
ġ,ġ ġŲ 5500
ġ,ű   
ġ,ġ ٻϰ θο 丶 ҵ
ġ, ̷Գ ־   ¬¬ 佺?ؾϳ   ܻ쿡 ܶ   
ġ,ϱ   弼
,"]""["""
ۼ,  ǹ ڸ   ۼ
ۼ, ɲŰ ڸڽ  ! ׸ Ȱ ɸ.....  
ۼ,ٵ ̴ϱ ȫ   ִ   鷯~!
,
,
ǽ , ⿡     ϸ  Ʈ!
ǽ ,ӷŰ     
ǽ ,ī  ֱߴµ ī ƴϰ ī(?)̾ ٶ!
ǽ ," ū ũƿ(ī ũ)  ִ ӷ 6õ̰  ﰢ 3õ ݴ밡  ֱѵ , , û ¯"
ǽ ,
ǽ ,"׻   ìּż ν ôٰ ߾µ,  ͳ ״ٰ Ӱ    Ը  Ư?ؼ Ǹ Ⱦ"
ǽ ,"׶ ¥ û 幮  亯 ּ̾µ, ۺ ȯֽŴٴ   ٰ ϴϱ 㿡  ǰ ֽðڴٰ ϼ"
ǽ ,̹ б±迡   ̶ 帮ϱ ǰ ûֽ!
ǽ ,
ǽ , ı  Ⱦµ ̰Դ  ؼ̤̤̤ Կ ͼ ö µ ڿ  ҷ ô  ī ǰ ֽô  ߴٰ  Ǵ Ÿ    پ
ǽ ,ǰ ʹ ѵ ̷ ϳ  ìֽô    ϰ ̶ ̷ ı ! 淯  ߴٱ(??̤̤̤)
ǽ ,
ǽ ,ǿ   Ͻð  ñ??
ǽ ,޴ޱ ų ӷŰ ԰ ѹ õ!
,"]""["""
,
ݵ彺 ,öǾƴϰ  ̽ũ 
ݵ彺 ,⺻s ΰ
ݵ彺 ,ȫ+
ݵ彺 ,ġ+
ݵ彺 ,
ݵ彺 ,ֱ ѵ   ...ö  ϴ° ƴϸ  ݿ   ̽ũ..?
,"]""["""
Ʋֽ,  Դ!
Ʋֽ,Ʋ 꽺~~  꽺~~
Ʋֽ,ó ͺ
Ʋֽ,2б⿡ ϸ ǳ ;
Ʋֽ,
,"]""["""
߹ٸ,߹ٸ 6000 
߹ٸ,
߹ٸ,Ļ ı ̹  
߹ٸ, ٸ  
߹ٸ,
߹ٸ, 굵 ȵ 
߹ٸ, ġ   µ 
߹ٸ,  鼭  ߹ µ
߹ٸ,   ϱ 鼭  ֽô
߹ٸ,
߹ٸ,  Ƹ԰  µ п  
߹ٸ,    帱   
߹ٸ,߹ٸ     ھ ¥
,"]""["""
,̷ ¥6000 / ¥ 6500
,
,ȫн ̤~~~~~~~!   ؿ.......  ص...
,"]""["""
,
,??????????
,
ȸ,־粿ġ  ִ   ߱ 
ȸ,뱹̶ ̶   ̷ 
ȸ,
ȸ, 뱹̶    â Ծôµ
ȸ,뱹   û  ٵ ó   ¥ ߰ſϱ ..^^ ׳ 뱹̶ ū뱹   8õ  Ը Ҹż뱹 ξ ־ 
ȸ,
ȸ, µ   ¥ 
ȸ,ֺ  Ĵ  µ ¥ ⼭    ԰ ʹ ־ 鼭  絵 ¥ Ǫ.. 嵵 8õ 
ȸ,
ȸ, ؼ ְ ϴ  ⳻   ȳ ַ .. â  ȳ ̱̱ 󸶿   ȳ ణ ̰ ΰ  
ȸ,
ȸ,б   ־ ٵ 뱹̳  ԰ 
ȸ, Դ ߿  ֹ Ҹ 鸮  ޵ ϴ ?
Ŀ, Ŀ  Ƹ޸ī 
Ŀ,4500 (⺻ ū) 
Ŀ,
Ŀ, Ƹ޸ī Դϴ.
,"]""["""
߲,߲ - Ұ߽ӹ 6000
߲,
߲,翡  ϴٰ 8ð Ǿȴ.
߲,׳  ߲...
߲, ݳ⸸ °ǰ?
߲,
߲, 迹 帮 鼭...
߲,
߲,.. õ.. ϵ.. 
߲,츮.. .. ̷.. ̷..
߲,
߲,ڸ  .
߲,ݳ⵿̳ ߲ Ȱ .
߲,
߲,̷ο  Ҹ 
߲,ϰ ò ī ο䰡
߲,   հ Դ.
߲,( ĵ Ǵ ̳̾  )
߲,Ի ѹ ° õؿ
߲,  
߲,
߲,ī  Ƕ  
߲, ϸ ׳   ۿ ˴ϴ
߲,
߲, ٸ԰     ÷ؿ
,"]""["""
,
ͻ󽺽,ʹ ԰; Ÿ µ ǰ ʱʱϰ ־ Ư 찡 ־µ   ϽŴٰ ϼ̴   ! 
ͻ󽺽,ҹ?  ־ Ƣ赵  ־
ͻ󽺽,   ʹ ż Դµ  Ű澲̱ ߴ ȥϷ  ɽ ??
ͻ󽺽,׷ ѹ °  !   13.0 ¥  ʹ??  
ͻ󽺽,԰  濡 ̰  
ͻ󽺽,̶  ʹ ??
,"]""["""
,
 ν Ĵ~,"ణ ߽?ε Ű!!ƶ 丶 Ʃ Ծµ  15000, 19000̰ ٸ޴ ũƩ ٽ  Ÿ ĽŸ  ־! ٵ ֶ ׷ Ʃ  ̶ ߰ 1000ؼ ϱ ܸ..!.! ٰƮε ̾~.~Ʃ ־ µ óԴ  &gt;&lt; л ,, ....   Ÿ Ե  μ  ! ߽  ϸ õ??"
,"]""["""
,
 Ͻ ,Դ  ȥϴ 鵵 !
 Ͻ ,
 Ͻ ,ɲ ¥ ߴµ
 Ͻ , 8000  ...   
 Ͻ ,
 Ͻ ,̶    8000~!
,"]""["""
߹ٸ,   ; ϴ ȫ ߹ٸ(߹̳?)ʹ ־ ˰  ° Ͽ ѹ ⿡ Դ´..  ѻ 6õ̶°  ȵ...  ġ  ¯ ȭ ?  κ  ʹå&gt;&lt;
,"]""["""
Ŀ,Ŀ...  Ƹ޴  ͵  ̼ Ͻô е ⼭ ſ Ф  ̼  û ¥  ʹ  ϴµ  ̼ ־!!  ھƸھƸ朗 ϸ鼭  Ƹ 緯 ٰ ޴ǿ ִ ̼    ̼ ǰԿ!! ߴ 񽺷 ׸İ ֽŰſФ    Ѿ ... ̼   ū   ƿ!! ̵ ſ!! :)
,"]""["""
,
,
¡Ǭħ,޷ Ű ħ 26000 ¡ȸ 23000ε ¡ ̽ϰ ̼ Ծ   ŭ  ! ġ ߰  ص û  ֽð     ż  Ծ ִ ˷ ֽ  ߸ؼ ٽ ø...
,"]""["""
,
,
ġ ȸ,ڹ....
ġ ȸ, ֱѵ  ž մϴ..
ġ ȸ,
ġ ȸ,Ҹ  ݰ Ѱ µ
ġ ȸ,Ҹ ݵ Ծϴ
ġ ȸ,
ġ ȸ,ٵ ʹ ҷ ʿ  
ġ ȸ, Ÿ ſϴ..
ġ ȸ,
ġ ȸ,ڹڹ
,"]""["""
 ,ȫԺ   ٿԾ 
 ,Ƕ̽ 
 ,丶  ĽŸ? ͵ ־~~~
,"]""["""
 ,"  ٳ(4000, ̸ Ȯġ . ٳ)̶ ȫ տ ִ ȫͿ(󿡼 Ĵ°, 1000)  ͼ Դ..ູ.. "
 ,ٵ ȫͿ     ٻٻϰ ε   濡  鸮ϱ ־  ƽ ׷   ! 
 ,  ޽Ű ޺   Ѵµ  ϸ ݰ   մ..
,"]""["""
ż1971߹,"  ˷帲 ߹, ߵ, ް ϴ  "
,
ż1971߹,â 4ⱸ ż1971߹̶ ִµ   .
,
ż1971߹,ǲ ܵδ  ϱ  ڷγ µ ... 
,
ż1971߹, ƽԵ ..
,"]""["""
ũ,  б ͼ      Ծ... ̹  ۳ ķ  ȵǾ淡 Ȥö   Ͽ ϴ
ũ, ޴ Ʈڶ󶼿 ߰
ũ, ޴  ֽʴϴ Ƹ޿ Ʈ÷ ־޶   Ǿϸ鼭 ּ
ũ,  ī ~  ? ȫ ׻ û 긮 õ ̴.. մ κ ȫٵ  ô ǹ̴... ó ε Ե  ͼ  ϼ ڴ
ũ,׷⶧ ٸ õϱ δ㽺   ߰Ҽ ֽϴ    ⶧ Ȱ ͸   ̰ غ( ˼մϴ٤)
ũ,׸  ۳  ˾ƺ̴µ  ũ Ἥ ׷.. ˾ƺŴ..  ..  ٻ ģϽʴϴ  Ű° ϴµ     
ũ,Ȯ ȣ ũ ̰ ű տ սϴ
ũ,  Ը ۾̳  ϱ ٴ°..  ־ ġֽ    ׻  ֱ⶧  ֱ ϴ
ũ,׷  Ư  Ƽ ׻ °
ũ,  ȿö󰡴° .... ñڽϴ Ȧ ȫ̰  ڵ ȫȫ ǿܷ ɾƵ  ʾƿ
,"]""["""
,
,
,Ϸġ:
,
ȫ ,ٵ(Ƣ) 9000 + ҹ  1000
ȫ ,߳ϲ  9000
ȫ ,
ȫ ,: Ÿ ġ  .  湮X
ȫ , ְ     (̳ ̿쵿 ...)
,"]""["""
, ѻԴϴ.. 
, α ̶ ̺ Ĵ Ĵ翡 ٳԽϴ 
,
,  緩 ó Ծ 򷩴Դϴ ó  Ծ  ̰  ( ɽؼ)  ..   Դٺ  ڿ (?) ű  Ͽϴ. 
, Ƽ Ұ 鵵 ִ
,Դٺ   ŷ ִ  ϴ
,
,ٸ   δ㽺ϴ  ϳ 11000̳ ޽ϴ  Ű 13000ΰ? ϴ.. ׷  ˳Ͻ и ô  õ帳ϴ
,
,Ȥ 緩     غ̴ٸ   Ͻô  õ帳ϴ
,"]""["""
 , ٳ
 ,
 ,θ ð ٳԴµ ϼ̾
 ," ĽŸ, , Ƕ̽  ־"
 ,"+̳ 1 ؼ 47,000!"
 ,
 ,԰ Ƽ ؾ
,"]""["""
,
,
 ̷,ȫԿ ׸   Ÿ ġ պ 
 ̷,̼ պ  ϳ   ϳ
 ̷, Ծµ  Ű õ
 ̷,ڴ   پ ־
 ̷,װ ܿ  ־ պ 񸰳  ϰ   ־
,"]""["""
ʹݴ,ʹݴ ...̶ 쵤 λ ̾µ......
,"]""["""
,̺ ı
̺,ȫԿ   ñؼ 
̺,Ƚ 8500+ī3500  õ
̺,
̺,ϴ ÷ ϰ ܿͼ  .    Ƣ  ϰ ⸧  ƽ.
̺,
̺,ī Ͻīε ȿ ߰ 鵵   Ҵ! ƺ ߰ī 
̺,¦ ®µ  Ա⿡ 
̺,
̺,.  ʹ  ʰ ϰ    ϱ Ű
̺,ٵ ӵ  ջ   ùµ û ʰԳԴ٤
,"]""["""
,
,
 ̹-Ŀũ Ŀ,(ݰ+  ʱ⿡   ؿ)
 ̹-Ŀũ Ŀ, õ ֱ淡 ġŲ ϰ 3000 5  
 ̹-Ŀũ Ŀ,
 ̹-Ŀũ Ŀ,ũġ-ũġ Ŀũ   öִµ װ ԰  ؼ Ա Ⱦ( Ѱ ƴѵ ũ ε巯  ڱ  )
 ̹-Ŀũ Ŀ,  Կ ƿ  ־
 ̹-Ŀũ Ŀ, ģ 
 ̹-Ŀũ Ŀ,
 ̹-Ŀũ Ŀ, ?- ں.
 ̹-Ŀũ Ŀ,˵? ׳ ݸ ԰;..ٵ  ϴ  ݶ ũ ־    ణ  . ̰ ڷ 
 ̹-Ŀũ Ŀ,ٴٴϴ ҷ ٵ ̰   ׷ Ϲݻ״ ׳ ԰Ÿ
 ̹-Ŀũ Ŀ,
 ̹-Ŀũ Ŀ,-ƺ ִٱ淡  Ը԰ Ѱ
 ̹-Ŀũ Ŀ,ȭΰ?ִµ İ  ݸ..
 ̹-Ŀũ Ŀ,ٵ ¥ մϴ.  Ŀ ̸ϴ . ٵ      Ⱦؿ
 ̹-Ŀũ Ŀ,ѾƷ ִ° 
 ̹-Ŀũ Ŀ,
 ̹-Ŀũ Ŀ,̸ Ƚ ⺻?-ȭΰ?İ ŽȾ=빰 
 ̹-Ŀũ Ŀ, 
 ̹-Ŀũ Ŀ,
 ̹-Ŀũ Ŀ,̶ϰ    Ŀũ ٸ Ÿ Ծ ̾ 񱳺Ұ ƽ...
 ̹-Ŀũ Ŀ,ٵ   ˹ٶ   ϴµ ־  Ծ
 ̹-Ŀũ Ŀ, ? ־
 ̹-Ŀũ Ŀ, 3000ġ  ϴ.  ϳ ȾƱ ģ  ϳ  
 ̹-Ŀũ Ŀ,
 ̹-Ŀũ Ŀ,5 µ 1 ҷ Ծ 
,"]""["""
ʹ,ʹ-set Ծþ!
ʹ,
ʹ,̺ Ÿ  ־.
ʹ," ʹ̳ ȸ  𸣰, ϴ  ƴϿ."
ʹ,
ʹ,"set(1 ) Ծµ,  , ־."
ʹ,"쵿 ⺻ µ,  屹 쵿  ƿ."
ʹ, ʹ 3ǽ  ϳ  ΰ? ̱ϰ ô  ִ    ູ߾.
ʹ,ͻ ο. ׳...ͻ  ҽ ..   ͻ .. ׷ ̶ ξ ־.
ʹ,
ʹ,Ե  з ٻڼ̴µ ģϼ̾!
ʹ,̰  ̶ ׷ Ⱑ Ĵ ȿ  ־.
ʹ,ģ   Ұŵ. ׷ üδ ߾.  ̺   ϼž ؿ.
ʹ,
ʹ," 2, ݶ 1 Ծ, ʹ       ƿ!"
,"]""["""
ôٸ,Ʊ ôٸ µ 񽺷 ݶֽ
,"]""["""
߹ٸ,߹ٸ 
߹ٸ,
߹ٸ,Ҹ   ſ  ־
߹ٸ, µ ̶ 
߹ٸ,Ļ   ϴϱ  䱸Ʈ  ÷ְ ....  ??
߹ٸ,ģ ;߰ٴꤾ
߹ٸ,Ȱ ߿
,"]""["""
簡,簡 ϴ..
,"]""["""
,
,
  ѸĽŸ, ԰ ǰ ؿ
  ѸĽŸ, ̺ ū ̺  ƿ~
  ѸĽŸ,
  ѸĽŸ," , , Ŭ  ;ؼ ణ ŷο"
  ѸĽŸ,ĽŸ ϳ 7õ   ̶
  ѸĽŸ,ٽ 湮  ֽϴ!
  ѸĽŸ,
  ѸĽŸ,  ĽŸ ϴµ
  ѸĽŸ, ޴ ߿ ſ ĽŸ   ־ Ҿ
  ѸĽŸ,(޴  ȳ )
  ѸĽŸ,
  ѸĽŸ,ٸ   ᰡ   ־
  ѸĽŸ,ü ߽ϴ! 
  ѸĽŸ,
  ѸĽŸ,  ŭ ޽  ƴѵ б   ⿡ ƿ  ĵ  
,"]""["""
̹̳,"~Ѷ ߴ,  ƽ ̹̳~"
̹̳,̹̳ ̴ Ƣ̶ ̰   ִ 幮 ̾.   ̶  Ե ̾  ְ    ж ̱̱ ϸ Ƣ  ұ ԰ Ǿִµ Ƣ βʰ ٻϰ ӵ  ߴ..  ̰ ԰; ׻ ̹̳׷ ߾....
̹̳,
̹̳,׷ ̹̳״ ڽŵ ſ ߿ ΰ  Ѽϰ Ҵ. Ƣ .
̹̳,"¡Ƣ ¡ źְ ̱ ¡ ƴ϶ İ  ε巯,   ¡ ٲ. Ư ¡Ƣ ü ġڰ   ִ ٷ  䶫   ұ Դ ε ұ    ʾҴ. ̹̳ ü, Ư  Ƣ̾µ Ƣʸ ״ΰ ٹٲ װ Ư޾Ҵ Ҽִ..?"
̹̳,"׺  ǽ  ... µ Ǯ   ɱ׶ .. ̰     ̷ Ǵµ,  Ѱź ״ ׸ ٴ ° ̰ǰ?   "
̹̳,
̹̳, Դٰ ڴ. ̹̳״  ̾. ϱ  ԿԼ   Ǿ .  ̶° ε ϱ ε鵵 ׸   ˾Ŵ. ָ ɶ µ մ .    ̾.   պ ̾.
̹̳,׷ ̴  ־. ̶  Ȱٵ  ϸ鼭   ᱹ Եǰ.  õϰ   ƿ⸦....
,"]""["""
,
,
 Ǹ,Ʈ Ÿ Դϴ ( Ұ Ƹ ġŲ?)
 Ǹ,
 Ǹ,  ȳ ˻غϱ 27.9 ׿!
 Ǹ,
 Ǹ, ̼ ԰ Դµ ҷ
 Ǹ,
 Ǹ,ҽ Ƕ  ˴ϴ
,"]""["""
߹ٸ,Ĵ    Ȱ ȴٰ  ߹ٸ..
߹ٸ,ÿϰ    ڸ    ..ູ     κ ̷  30й Ĺ   ֵ ؾ Ѵ
ʹ,ʹ Ʈ 1.3 Ʈ 1.3
ʹ,ؿ ۵ ׷ ȣȣ ִٴ ǰ  մµ  Ҿ  쵿 ̶ ȸ  ϱ   ؼ 
ʹ,
ʹ,?ڸ ͻ ϴ  쵿 ͻ Ǯ ̾
ʹ, ϰ ¦ ̱  Ǯ ͵ ׷ /ϰ  ѵ Ƚ  ż ̾~ Űģ  ķ ʹ丸 µ ʹ ߾.. Ȥ ִ   
,"]""["""
,
Ʈ ֶ!,Ÿ ö°    ߴٰ  緯  迡 ģ !
,
Ʈ ֶ!,ù° ũ ũ ĽŸε ణ    ũ ĽŸ ġ ¦ ö ־ ٴϰ ־. ٵ   ѱ̶   뿣 ¦ ... ׷ û . 13000!
Ʈ ֶ!,
Ʈ ֶ!,ι° ׳ ä ũ. M 12000ε   ־ ǿܷ  Ҿ  ġ 9900 Ǵ°    ǰ   
Ʈ ֶ!,ݿ    Ƽΰ  Ÿ Ī޴  ִ° 
Ʈ ֶ!,
Ʈ ֶ!,ĽŸ Ϲ ĽŸ  ũ   ݿ  ° Ƽ  .   ˾...
Ʈ ֶ!,
Ʈ ֶ!,Ȥ  ұ ī  .   ݸ Ī  ϸ   ǽϴ...
,"]""["""
 ѳ,Ǽ ѳ  ˼
 ѳ,
 ѳ,  ̴ϵ  Ƽ (ī ĵ  ־  ϰ    ) ѹ Ƽ ÷.  ʿƿ
 ѳ,
 ѳ,   ġ? ſ ȣγְ ´ٴ ȣں ȫջ ִ´ٴ ׷   Ƽ ڲ  Ǵ
 ѳ,
 ѳ, Ƽ   ϳ ;µ Լҹ Ÿ ׷ 7뿡   ԰ Դµ ڸ    á 
 ѳ,
 ѳ,((( ü ޴ ̶ ȾϽô  Ӵϴ)))
 ѳ,
 ѳ,     
,"]""["""
,
,
뱹 ,뱹ĵ   Ϲͽؼ 뱹 ĺ̴
뱹 ,ٰ ȥϷ 鷶µ Ե   ִ ο ֽô   ؼ 뱹 ֽŴ
뱹 ,¦ ʹ ؼ ǥ ö͵   ּּ  ĥ ö԰    ż ..(°   ̷ ķ   ʴ´)
뱹 ,ȫֺ 뱹 ã ڵ ѹ °͵  ..! 
뱹 ,
뱹 ,  Ų 뱹Ư
,"]""["""
¯ָԹ,¯ָԹ  ٲ˳???  ô   ٸ  ô
¯ָԹ,Űũ ! Ķ   վ 𸣰ٴµ ߰ؼ ϱ  մ... ־   ݼ̾....
¯ָԹ,δ   ٰ .
¯ָԹ,ġ 3000+ Ķ 800
,"]""["""
,
,
 ѳ,Ÿ   ܼ ٳԴµ
 ѳ,  ...????
 ѳ, ...
 ѳ,
 ѳ, ع ǳ ٲδ
 ѳ,Ÿ   ع̶ ޶ ? ϱ ߴµ
 ѳ,̹  ع ϳϳ  ־ !
 ѳ,
 ѳ," (8,000)"
 ѳ,ٴ  Ծ
,"]""["""
Ʋ꽺,"Ʋ꽺,   ȵ"
Ʋ꽺, ʰ  ſ  Ȯ л  մԵ  
Ʋ꽺,̷ ڽ  𼭵  
Ʋ꽺,  ȵ!!!!!
,"]""["""
,
,
 ѳ,⼭   µ ....
 ѳ,ع 8000̰ ߾!
 ѳ,ƴ  ִٴ... ˵ ũ û ..   Ǵ   ˳ؼ ׷.. ФФ ľ ȫ λ 4ε Ĺʿ ѽ  ܼ ʹ ٤Ф ׸ عε ⵵ ־... õ ÷ػ ޾
,"]""["""
 īȭ, īȭ ¥2() ̶  (9õ)
 īȭ,
 īȭ," µ ̺ ۿ . ¥ ,,, ¥  ؼ Ա ϴµ  ſ  Ѿ ܹ  Ŷ Ҵ! Ե ģϼ,, 㿣 ǳ Ծ¡"
,"]""["""
佺,  ȫ   ο    
佺, 5 ⱸ ó ִ 佺
佺, ׻ 6p ι  ֽôµ ļ ù° ø  ι°  ô   ..... ̾.        ׵ ٴϸ鼭   ѵκ Ŷ  ¥ ޶
佺, ̴° ó  ° 13000 ¥ ̰   κ̴ ġô 20000¥ νþ 
佺,  Ƽ ׻  Դµ   ö  Ƽ ʹ Ƽ 
佺,"׸   쵿̶ ڵκ? Ŷ ŸŰ, 丶並 ִµ  ־"
佺,   ѹ  ̶ ؼ õ!!
,"]""["""
 , ִ ǰ ãҴ...  
 ,  ī ῡ ε Ľô   ī ι ϴ .    Ƕ  ̴µ 㿡    Ͱ!
Ϳڳ,Ϳڳ       ýϴ! 
Ϳڳ,
Ϳڳ,ڳĴ ó Ծµ  ְ Ծϴ
Ϳڳ,  ġ ̿ 丶 ҽ  ߰  Ʈ  ̾µ 
Ϳڳ,..   κ ؼ ٴϰ Դ¸?   
Ϳڳ,
Ϳڳ,׸ Ƣ ¥ ֽϴ!! 
Ϳڳ, Ƣ ϴ ε  
Ϳڳ,̰ .. Ƣ  ٻϰ Ʈ Ⱑ  µ ٸ  Ƣ õմϴ
Ϳڳ, ݵ 2000̶   մϴ
Ϳڳ,
Ϳڳ,ó      Ф Ÿ հ  ƽ׿.
Ϳڳ,
Ϳڳ,嵵 ϴ ó  е Ƣ ؼ  ַε  ƿ
Ϳڳ,
Ϳڳ,׸  ֹ ߴµ ֹȣ 10̶ ٸ     ǳ׿ Ф
̷, ũص״ ̷  ٿԽϴ٤ФФ õֽ в  縦...
̷,
̷,ģ µ  () (4000)  ̶ ܴܹ̿(6000) ϳ Ծ
̷,
̷, ¥ Ѹ   Ծ ҰͰ  ʹ ־!! Կ ִ´ ԰ ҽ ִ ÷ Ծµ ¥ ־
̷,
̷, źź  óԾ ſ  ߸Ծ ߴµ   ʰ     ҽ   ҽ?  ɰŰƿ
̷,
̷,"ʱ ణ,  ִµ       ־"
̷, ϰ ſ źź Ͻô  ƽ  ־
̷,
̷,湮 ǻ  ־
̷, 
,Ƹ޸ī 2000
,Ÿ ġ 4300 
,
,ΰ̻ ƮεǼ 5300!!
,
,"Ÿġ (?) ־  ڿ̳ Ѥ ߴµ   ,,"
,۰ Ÿġ ʤ Ƽ ɲ  
,ٵ Ƹ޸ī Ű 
,
, Ƹ޸ī뿡   ־ִ° ϴµ
,  ־༭  
,ķó   ƴϰ  ׶ Ŀ 
,
,ڸ  ġ Ⱥ  Ű ð ǵµ
,!
,
,ð Ǵϱ    ٵ ڸ ׻  ! 
, ?
,"]""["""
̺,Կ ̺𵷱 õ ޾Ƽ  ó׿
̺,
̺,  ݿ   Ƽ  ֳ׿ ????
̺,
̺,Ƚ  Ѵ ִµ  Ƚ  ͼ  ִ° ƿ
̺,
̺,ī   Ϻ ī Դϴ
̺,
̺,б ó   ƿ
,"]""["""
,
Ϳڳ,ڳ 6000ε ڻ嵵  ֽŴ
Ϳڳ,޴ ڳ   Ƣ? ̷ ־
Ϳڳ,"ġ ƿ丮!  鷶µ ֹȣ,,ټհ ȿ °  ÷߰ڴ ;Фиϸ  ȴ  ФФ"
Ϳڳ,ݴ Ƽ ¥ ϲ  鷯~!
,Ź  ְ ִ° (13000) Ʒ Ƚ(14000) -  Ȯ ..
,  ô ̶ µ ˰ϱ ȭ û   ̴ 
,Ƚ ¥ ־!!!! 屹 ׳  ƴϰ  ä ־   ..? 
,ġ  α ѵ б ó ִ  ԰ ѹ   
,"]""["""
,ĸٰƮ ޴
ĸٰƮ,ҶǴƮƮ佺Ʈ _׻Դ 
ĸٰƮ,̴Ż_1900_ݰ  ä濡 
ĸٰƮ,_2200_ణ   帳Ŀ  ̸ 
,"]""["""
,б ֺ ִ Ŀ õ Ʈ
,(Ŀ Ƕ    )
,"б ٴҶ, Ŀ Ϸ翡 2ܵ   ؼ ٳົ . õ Ŀ ð  ȿͼ ..."
," Ʈ, б   ؼ . ڲ ī  ݾƼФ б ó ī   ϴ  ÷"
,
,
SameShitCoffee(), õ ؼ Ƹ(2.5) ÷ȭƮ(3.0) 帳Ŀ(4.0)
SameShitCoffee(),"ū ̺ Ʈ ϱ⵵ ,Ʈ Ǽ .ī ȿ  ν ؼ ⵵ ϰ ִ°ſ  . Ե ģϼ. ī ̸  ̻Ѱ (?)   Ƥ"
SameShitCoffee(),½ð  ұĢϴϱ ð  
SameShitCoffee(),ķ  ݸ  ¸ ξ  ĿǸ   . 
,
,
Ŀ(ȫ ó),Ƹ(3.0) ũƼ(3.5)
Ŀ(ȫ ó),"  Ưϰ Ŀǰ . б ó ̷  ⱸ ϴµ µ Ҽ ־.  ӽź ̰  ִ. ׸ Ÿ ִ  ⿡ ,ũƼ Ѵ   ־! Ʈ ޾Ƽ  涩 ũƼ õ. (10ܿ 1 )"
,
,
罺(), ϴ б ó  ְ (3.0)
罺()," ð 12-6ε ̱ ð 缭   ̾. ,ܼƮ  ȵǼ        󶼴  . "
,
,
ӸĿ()," ̺Ʈؼ ̸ ˰־µ ֱٿ þ. ڸ ,Ŀǵ ְ, Ʈ Ƽ ģ̶ μ̼ ٶ "
ӸĿ(),ñ״óī(5.5) պ(3.5)    ϴµ  ī ٴϰ ؼ ְ ̾
ӸĿ(), (6ܿ 1ܹΰ)
,
,
"ϷĿ(Ŀ, )",ũī(6.5)
"ϷĿ(Ŀ, )", ݿ ̸   ũ   . ָ ģ °. 
"ϷĿ(Ŀ, )"," µ , ϴ  鸮µ "
,ȫ cu   .
,ġ ֵ  迡.
,к ڸ  ָ....̴...
,
,ġ ϳ  4500.
,ڰ   丶
,-&gt;
,丶-&gt;ż
,ũġ-&gt;
,-&gt;........
,
,....?
,"]""["""
Ѽȭ,ر  ٳ  Ѽȭ
Ѽȭ,
Ѽȭ,̿쵿 극ũŸΰ 𸣰  ó Ұ ũѰ  ſ   ôµ ⵵ 극ũŸ... Ǽ  Ա  ִµ  ż ø Ļ Ͻö ֽ 
Ѽȭ,ر     ε ģϰ Ͻ ..    ¿ 𸣽ð ϰ  ̰ ޴   ֽ..
Ѽȭ,ѵ Ұ . ī   ̰ Դµ .. 絵 Ǫϰ ܿ   ° .   ޴  ̾µ Ƹ  ޶ ?  ¡
ȫ ũƼ,  濡 ֱ淡 ȣη ̽ϴ.
ȫ ũƼ,
ȫ ũƼ,: 300ml ⸧  5000ε ȫ 10 ؼ 4500 ( پ)
ȫ ũƼ,
ȫ ũƼ,ũϴ dark / light / jeju    . ũ Ʈ ԰  ̰ ִ ΰ ΰ  ߴٰ մϴ.  ũ ׽ϴ.
ȫ ũƼ,
ȫ ũƼ,H  ȫ    ũƼ ϴµ!  ſ Ǹ̾ϴ.  ƴ  츰 ȫ и µ ʹ       û   ֹ߾. ڿͺٵ ̾.
ȫ ũƼ,
ȫ ũƼ,4500 ְ ⸧   ɵ.
ȫ ũƼ,
ȫ ũƼ,湮ǻ ȼ
,"]""["""
,¥ ĽŸ 2ȣ µ 1ȣ ؿ
,"]""["""
,
,
 Ѽȭ," ̴!  ѵ Ұ  ״µ ߾ Ұ⿡  ä,   . ٵ ׳  ƴ϶ ̰߰ ޱ ܿ ͼ  ¥ ־. ణ ˹? 䵵 ְ Ե ģϽð   ֽܶɤ ǰ+ ѳ ԰ !"
İ赿,İ赿 ̶ ο  ߰
İ赿,ٶ ѳ 
İ赿, ϰ  丮 Ǵ
İ赿,"ٸ ,  1аŸ"
İ赿,
İ赿, 7000   ʰ
İ赿,ſ   湮 ǻ 
İ赿,ֹ?  κ̰ ģ
İ赿,
İ赿, ֹ̰ ó  ְµ
İ赿,Ⱑ 3  ٴµ  ó˾..
İ赿,մ 츮 ۿ 
İ赿, :  ? ? ̳
,"]""["""
,
,
 ," ޷θ ѸԴٰ  ؼ  Դµ,  ǰ ̶ ׿.  忡    ִ°  ϴµ,  忡 ̸ ͵鸸 ־ ƿ."
 ,
 ,޵ Ǵϱ   Ǻ ѹ Ѻ
,"]""["""
,
,
, ??????????
,
ְ  (),ٵ 
ְ  (),
ְ  (),޴ ɵ Ƚɵ   ׸ ī  
ְ  (),
ְ  (),"11:30п . 12ÿ µ      ߰Ǹ ̹ տ  6 ְ  ǰ..׷ Ƚ̶ , ī ԰ Խϴ!"
ְ  (),
ְ  (), ÷ 屹(ñ  ÷ ŷ)̶  ֽŴ. ȳ ԰  ī   ´!   տ  Ƣش!
ְ  (),
ְ  (),"  Ưϰ ̵ ⸧   ѷ Դ´.  ⸧ ̱ ѵ """"""   ⸧..?""""""""   ......   볪 ߾︮  ФФФФФФФФФФФФФ ϴ ."""
ְ  (),
ְ  (),??Ƚ(13000)??: ֱ ָԸ    ´. ÷   ;; ߴµ 3 ī ϸ Ⱑ  ?? ī   ̾µ  û ҷϴ. Ƚ ⸧Ⱑ  ε巯.    ڱ⸸ ִ    Դµ ʹ ε巴 ֽϴ Ф Ƣ ٻٻ ƴ϶ ͻͻմϴ. ¥ ܸ. ͻ  µ  ⸧   ҽϴ.
ְ  (),
ְ  (), ڼҽ ÷ִµ ̻ϰ  ø  ? (ǰ  ø  ū .. ͼ  ) ׷ ø  ųİ 庸ߴµ  ̺ ߽ϴ. ŭŭϰ ־! 
ְ  (),
ְ  (),"????(12000) ????: Ϻη      ƿ.     ̱ϰ ϰ ־ϴ.   ü   ϴµ   ׷ ̿. 浵  ־ û ߰,    .    û  ߴٱ⺸ٴ  ü ־  ְ   ƿ. ⸸  Ծ   ϴ.  Ƚɺ  ξ ־䢾?    ̱ϰ (  )  ! + ͻ  ܸ̾ϴ.       ״. "
ְ  (),
ְ  (),"??ī(4000) ??:    .. Ѹӱ۰Ŵ.  ϴ ,,  ö ī,, ؿ..   û  ︮  ƴ  ƿ.  ī   ġ  µ ī  ̶  ʹ ֽϴ;; ī ŭŭϰ Ǵ ִ    . ġ  Բ ÷ Ѵٸ װ Դϴ.!      ̱ ,, ۰ 4000    ƿ.   ū ׸  µ 3000 ص  ų   Ф 4000  پ. ġ־ 뼭Ѵ. (   ƴϿ. ̶  ´  Ϳ!)"
ְ  (),
ְ  (),??Ľ  Ʈ(¥)?? : Ǥ ̰Ÿ 㿡  ;. ణ źⰡ ִ ŭ 󾾽 Դϴ.  ظ԰.
ְ  (),
ְ  (),"????:  §  ε      ˸° ؼ ƿ.   Ǿϱ  ⵵    ,,  ͻͻؼ ʹ ,,     ¥ ְ,,,  巹,,  ,, ī  ¥ ְ,, Ŀ      ƿ. "
ְ  (),
ְ  (),   ..  õ  ƴ   ֹ  ͼ ֹ ǰ ٻٵ  ¿ ٺٺ~ Ⱑ ƴϿ. ϰ     ε ұϰ ġ ʰ ϰ    ־ϴ. ڸ  ڸ ۿ  ż     ƽ ϳ׿. (ϴ Ҵ ۿ  ִµ ־ ؿ)
ְ  (),
ְ  ()," ̶ֹ (̺ҵó ֹ ̺ ѷδ)      ְ,   ƴٴϸ鼭 ɾܴϴ. ª ڽ丮 Դ ̾!  ģؼ ҽϴ 湮ǻ 100!"
ְ  (),
ְ  (), ְݼ .!
,
,
ȫ ڱ () ,ġ ϱ  ߰ؿ
ȫ ڱ () ,ڸ Ծ  ! ۸ؼ  ãƿ ̶   Ƽ ׳ ˻â ĸĺ Դ
ȫ ڱ () ,
ȫ ڱ () ,"ָ޴ 鷻̰    ƿ!   ׷ 鷻, 鷻, ֳÿ Ծ"
ȫ ڱ () ,
ȫ ڱ () ,??׷ 鷻 (2800): 鷻 Ѹ鿡 (?) Ǿ־    ͻ~ ϴ.  ü ׳  鷻 ԰ ѵ ׷       . ȿ ´ ִµ  ˰     ȭ´  . ׷̿   ︮ ! 
ȫ ڱ () ,
ȫ ڱ () ,"?? 鷻 (2800):  鷻 Ʈ   Ⱦϴµ  鷻  ! (鷻 ǿ ¦  ɼ ,,)  鷻 ѿ ͻ  Ǿִ! ׸ ȿ ´ ¥ ̴.   ξ ٴٴ,,    ôô Ƴ   ִ. "
ȫ ڱ () ,
ȫ ڱ () ,"??ֳÿ (2200)??ſ찭??: ¥ ̰  Ծ. ʹ ʹ ʹ ־... ѹټ   ٻٴ Ұ ,,, ֳÿ ó Ծôµ   ...  ̰  ˾  ..  ڸ? ͸  Ŀũ?  ̴. ī׶ʹ Ȯ ٸ  ٻ˵ ѽİ  ִ. īֳÿ,  ֳÿ    ִµ  ٸ ֳÿ  Ծ߰ڴ. ԰Դϴ."
ȫ ڱ () ,
ȫ ڱ () ,????
ȫ ڱ () ,
ȫ ڱ () ,ϴ  ũⰡ ſſ .... չٴں ξ .  ܺ .  â̱ ѵ  װ Ŀ. ݶ  ϳ ! 
ȫ ڱ () ,
ȫ ڱ () ," ſ  Ⱑ û,,     . ɾƼ   ִ ̶ ٵ ũƿ ̶ . Ⱑ û Ӱ  ž   ̴. û     δ.  "
ȫ ڱ () ,
ȫ ڱ () ,  û ̶ Ŵ! ֹ    Ĳ ŰֽŴ. ̷  Ƽ ִµ ó ش.  ִ     ! 
ȫ ڱ () ,
ȫ ڱ () , ñ ٶϴ!! ߰ ԰
,"]""["""
Ŀ,å ҿ?? ڸ    ĿԴϴ~!
Ŀ, Ƹ޸ī (4500)
Ŀ," (??   ؼ,,) "
Ŀ," Ƹ޸ī ־  ּ,,"
Ŀ, ũ 佺Ʈ(?) 񽺷 ޾Ҿ
Ŀ,"    ´ٱ ּ̾ Ф        Ծּ,,"
Ŀ,"û ֽϴپ,,,"
Ŀ,
Ŀ, ´ ŸӼ? -2pm̶ ִ ƿ! 
Ŀ," 𸣰 ĿǷ   ŸӼ ϴ󱸿!!  Ƹ޸ī  ԰ּ,,??"
,"]""["""
θ,θ ...Ф б  ־  ̾Ʈ λ ٱ ̾µ...  ִ   ...
ȭĴ,  ȭ Ĵ????
ȭĴ,   
ȭĴ, ߵε ް ֵ 䵵   ó   µ ̾ƮO̶ ׷ ް  ̾ ڰ  Ŀ   ׷   ε巯 ۿ ߵ Ŵ ι² Ҵ!!!鼭  ܸ
 ŽŰģ, ŽŰģ()
 ŽŰģ,
 ŽŰģ,ڷ ° µ  ִ ¥..
 ŽŰģ,޴ ްѰ  Ծôµ ϳ  ־
 ŽŰģ,
 ŽŰģ,  ̾ ļ ø
,"]""["""
,
,
ȣȣ̿ ȫ,ε ̶ ȥ Ϸ ̿ ãٰ Ե
ȣȣ̿ ȫ,
ȣȣ̿ ȫ,  󸶾ȉµ ڷγ Ÿż
ȣȣ̿ ȫ,ʹ Ÿ.. 
ȣȣ̿ ȫ,
ȣȣ̿ ȫ,  ݰ ¾ֽð 
ȣȣ̿ ȫ,ڷγ غ̺Ʈ 3000 ޴ε ִµ 忡 ۿ ...
ȣȣ̿ ȫ,
ȣȣ̿ ȫ, ٸ ԾôŶ ϰ 
ȣȣ̿ ȫ,   ΰ µ 
ȣȣ̿ ȫ,ؼ 2   .
ȣȣ̿ ȫ,
ȣȣ̿ ȫ,̸ Ƶа ƴ϶ ֹ   ϼ. õ¥  嵵 غôµ ԰   ؼ Ծ ٰ Ͻø鼭 嵵 ̴ּ.. 
ȣȣ̿ ȫ, ٽú 1000ġ 纸 ξ ..
ȣȣ̿ ȫ,
ȣȣ̿ ȫ,̿   ...  ѱ׸  ʺ   
,"]""["""
,
ູܹ/˼ܹ,þ˼ܹ 4500
ູܹ/˼ܹ,ȥ̺  üҽ ؿ   
ູܹ/˼ܹ,  
ູܹ/˼ܹ, ! ̶ δ 
ູܹ/˼ܹ,
ູܹ/˼ܹ,ü  ణ Ʈ Ĵڳʰ  ̺ Ѱ ɾƾϴµ ̺   ī  ġǾ
,"]""["""
,
,
Ŀ,ƺīĿ 5000
Ŀ,ûũ佺Ʈ 4000
Ŀ,
Ŀ, 2ð  ־µ   ̤̾
Ŀ, ֺ ȸ鵵 ñٹϰ 
Ŀ,ݰ Ⱓ   մ ٰ
Ŀ,ɽϼ̾..
Ŀ,
Ŀ,־ ġ  ֽð
Ŀ,  ִ  Ͻ..
Ŀ,ле ǰ ϼ̾䤾
Ŀ,
Ŀ,ûũ ڶ  ֽð
Ŀ,Ƽ  ֽð
Ŀ,  ģϼ!
Ŀ, νɿ ؼ øϴ
Ŀ, ּ~!??
,"]""["""
,
566,Ÿִ ڸ ؼ?  ̾
567,ʹ ߾ ϱ  μð    ŵ..!  Ÿΰ  ϱ ذ̾ ī(  з ΰɷ ) ߴµ װ ɷ üǰ ſ    ..?
568,
569, ζ ⼭ ÷ ߴµ ó Ѹ Ȳ    ؼ..
570,ٸŸī  ̻ ڴٽ 
571,絵 ¥..  ߰ ⺻ ϴµ ó Դٰ  ¥¥ ÿ
572,
573,ٵ űϰ ڲ  ̴..
574, ̽ ä  û ũũ ־ ο迭  ÿ ־
575,
576, ¯̴ Ȥ ѳ  ؾ 
577,ζ Ծʹ 쿡 õҲ  9õ̰ 66 ֹϸ 
578,
579,ġ  濡   ?
580,ī Żÿ  ġ
,
, µ  ȭ ..
,"]""["""
,
аâ,2κ 20000 ſ (1κ ߰ )  ޽׽ϴ
аâ,
аâ," õ Ծþ! ⺻ â 2κ װ,    ѷִµ ڸ   ...)  "
аâ,
аâ," : ⺻  ä(, ), ܹ, ҽ 񽺷 Ұ Ծ ۰ !"
аâ,
аâ,???? : 2κ ״µ  ̼ ԰ 3 1.3 (?) .     â   ˰ Ʋ  ִ  Դٰ ؿ â û ־ â û Ծ   ƿ!!
аâ,
аâ,??ʱ?? :  Ը ¦ ܵ ʱ  !   ߰ Դµ װźٴ ξ  ʰ ҽ!
аâ,
аâ,?? ??: ϴ â    !  ı ϱ ⳻  û ϰ ִٰ ϼż ణ ϰ ״µ ⳻    Ҿ.   ޴ Դϴ.    ܰ â    ҽ ű⿡ 鿩  ׺κ  ƽ. ׷  ȫó â  ״µ  ߰ Ⱑ  ־!! (   â    ְ ⳻   ־...  ȫϴ°Ͱѵ  ֹ..) 
аâ,
аâ, 5  4!
,"]""["""
,
,
߹ٸ,ְ  ɸ ٳԾ
߹ٸ,ܰ ణ ̶ 𸦶  鼭  ̰ ...?? ߴµ
߹ٸ, ˼մϴ..   ü
߹ٸ,޿   ٱ ̶
߹ٸ,
߹ٸ, 1.2 ε ҷ   ƿ 
߹ٸ,մ  ȥϽôº 
߹ٸ,"鼭 , մԵ̶ Ƽ ȫ ƮƮ  µ  幵ϰ ..  ģа Ӥ ణ "
߹ٸ,
߹ٸ," ġ 7,000"
߹ٸ, õ!??
,"]""["""
,
,
 ̷,ó  ־ Դٰ   ȫԿ  ̷տ Խϴ
 ̷,..  ʹ ־
 ̷,չٿ (4000) źź̿(6000) ȥڼ Ծϴ
 ̷,޴ å  Ѽ  ϴ ȥ ͵ ζ    ִ ̴ϱ
 ̷,  츦  ϴµ ǰ̾  Ծ   ־ϴ
 ̷,
 ̷,źź ȫ źź̶  ȣ̽Ĵ翡 Ծôµ  ִ ̾  Ը.. ״̾ϴٸ
 ̷,    ҽ 񺭸Դ ̾µ ;   ε ̰ ʹ.. ¯̿
 ̷,+   شȭǴ  ƿ ¬©
 ̷,δ źź鸸  ſ..  ʹ ־
 ̷,׸   ſ
 ̷, ٸ ޴ Ծ!!
,"]""["""
 ,  &lt;&lt; νŸ ߴ װ~
 ,ġ    濡  ū Ϸִµ ʰȿ徸
 ,
 , 3.5 ( ſ...)
 ,
 ,ñ״ ɺ Ʈ ѸԾ
 ,
 ,ɺ : 9000
 ,Ʈ : 6000ƴ 6900 (   ͳ ãƺϱ 6000  ְ 6900  ִµ    ϴ)
 ,
 ,"ɺ : ó      """""" ¥  â̴"""""""" Դϴ..   Դ ӱ? Ϲ źٴ ɲ ū ׸ġ ſ ..  . 9000̸ 亣    ϴ.   ̻ Դ°. """
 ,
 ,  ̽  δ    Ƽ  ̽ε  Ծ   İ  ̶    ϴ.  ް  ϸ̾ϴ.  Ͼ˰̸   ʾƼ Ϲݺ     Դµ  Ͼ˰̰  ִ   ҽϴ.
 ,
 ,  ũġ ö־ ٻٻϰ ǰ     ؿ ϼҽ    ϰ ôµ ũġ ɲ ֽϴ. ׷  ҽ  β ѷ־ ҽ  ʾƿ! ۰ κ    Ŷ ҽ Ծ .
 ,
 ,&gt;&gt;    ?  ִµ  ÷  Դٰ  ...    弼... &lt;&lt;
 ,
 , :
 ,
 ,1. ϴ:   Ͼӱ ÷
 ,
 ,2: :   ... ҽ İ    ׷ İε  ٸ  ư鼭 Ծ ׷    ϴ.   ģϵ   
 ,
 ,3: ϴ: ɺ ҽ ¦  ް  ¦ ؿ  ..?  ־
 ,
 ,4. : ⺻  ֽϴ. ׳  ̿. ҽ  Ծ ֽϴ. 
 ,
 , ׳ ̶ ũ ٸ   ƿ. ξ V þ  Ҵµ ׳ pp  İ..!
,"]""["""
,
,.
,.
 Ŀ,ӹͶ  ڻ귡 ̷ Ծµ ٸ ߴµ ӹͰ  ־
 Ŀ, ̱ϰ ʹ ʰ Ͷ ӱ    ʹ ؼ ѵٴ   ° 
,"]""["""
ƺ ͽ,ƺ ͽ   ¥ ༭ ƿ. ſ ״µ  ʳ׿...
,"]""["""
ȫ ,ȫ   κ 6000
ȫ ,ֱ  ƿ
,"]""["""
,
 &, ֳ׿ ݵ ¥ ΰ.. ¥ 5900ε  ְ ܹ ܸ!!
 &, Ⱦؼ ̷޴ ߸Դµ ¥ ְ Ѱ ҵ߾ 
 &,  Ŷ׷   ϰ
 &,ī ƿ ǿܷ   θ ׿
 &,
 &,Ʈ? ? ־µ ο칮 Ʒ ־ ԰ Ľ ο칮 ī  !! ĥ  Ծµ   ÷ϴ 
,"]""["""
Ʋ꽺,Ʋ꽺 Ű (2500)
Ʋ꽺,
,"]""["""
ī,ī (caphe cozy) - ڳĿ
ī,
ī,ڳĿǸ ¥¥ ϴ»̶ ·»ź ȴµ ȫ9ʿ ڳĿ ܼ  ... Ф 
ī,4800ε 絵   ʹ ֽϴ..! ·¿  ڳĨ ѷ  °  ƽ ڳ  ʰ  ڳ Ͻô е̶ ְ Ͱƿ 
ī,ٵ  Ծּ...   ̴   ãư Ծߵȴٱ...????
,"]""["""
,
,
ȫ ߺ,ϱ ũ Һ ռҵֽô...
ȫ ߺ,̰ź ʹ޾Ƽ 
ȫ ߺ,
ȫ ߺ,  ϸ鼭 Դµ  Ѹ̵̾
ȫ ߺ,"21µ 2, ߺ, 1Ծµ ̾ "
ȫ ߺ, Űʾ ٵ  ҽ ʹ־  ־ α⵵ !!!
,"]""["""
,ȇ
,"]""["""
,  ı
ڷ,ۿ ?   Ȧ  µ ....ι ȰŰ ҽ   ׳    ִ н    ..
ڷ,쵿  ־   ̶ ʹ ϰ......ü  ̳  ζ °ɷ ä  쵿  ..ٵ װŸ;
ȫ ο칮, ־ִ ӹ !-! ٵ ޾ӹ  Ծֶ????
ȫ ο칮, ̰ ȸԴ ̶ ;;; ¥ 
ȫ ο칮,ũ  ־?? ٸ   ȸԾ  𸣰ڴ ~.~
ȫ ο칮,
ȫ ο칮,ƹư  񽺿 ؼ ı⾸!
ȫ ο칮,  մ ϳ ??
ȫ ο칮,ȫ ó  ִ Ī ο칮  ??
ȫ ο칮,
ȫ ο칮,"+  ī 6ΰ ±濡   ϳ Ծ ׷ ,,, ׷  Ƽ л̶  ĸ ÷Ҳ !-!"
,"]""["""
 ,??ī ?? ??
 ,
 ,ģ ԰ ɾٴϴٰ ߰߾!
 ,- 濡 ѸȦ  ־
 ,
 ," Ʈ ¥ ؼ бֺ ī   Ծôµ,  ־ ʹ ڰ  ¥ ϸ鼭 ־"
 ,¥ ־ ο  ¯̶ ߴµ  ʹ ??
 ,
 ,  ̶ ũ ¥ ־µ ʸ ¥  ְ  ˵ϸ鼭 ִ
 , ϳ 2500 ϴ  Ҿ
 ,Ŀǵ Ĵµ ް Ŀ־ ģ ޴ٱѰ ܶԾ
 ,
 ,  ģ ǵ ʹ ڰ °ͰƼ ø..  9 ư 25000 ¥! 4 Ʈ ־
 ,
 , ׸  ȫ   5  Ƹ޸ī ī ¥!    ¥ε?
 ,
 ,ٵ    ¥ ̶  ȣѴ
,"]""["""
 ̷, ̷!!!!??????
 ̷,չٿε  4000  6000
 ̷,   ѵ  α ƴϾߤ̤!!
 ̷,5ǽ  õ  ־!!
 ̷,̼ 4ǸԾµ  θ (Ѵ  Դ) ư õ ~.~
,"]""["""
,??
, ö ۺ ħ µ ¥  ְ ...
,ɵ״µ   Դٰ  ּ̾Ф   ̽ ϰ  ɼ겲 ó Ծǵ ??
, ̶  Ͻôµ մԾ ȥ ð Ե   ݾҴٰ Ͻó׿  䶧  ̶  Ⱦ ھ ÷
,"]""["""
 ְ ," ְ . Ͻ ī ѽ Ų?    ϴ. ׻ ģϰ  ֽð( ϱ  Ͻð  ޸  ƽ ż  Ϸ   .).     ְ,  巡   ε,  ΰ  ְ  Ծ. ׸ ν ״µ   帣° ... Ű  ٷ   ƾ.  ƽ ϳ ڸ, ä ٺ ð  .  ұ+⸧ յ .    н µ,  þ ϴ."
,"]""["""
īī,"־ ī  īī.  ν ν Ұ   ִ.  ǳϰ, 嵵 . ƽ  ̶    ٸ Ư¡ ?  ̶ αε, 򿡴  (ġŲ ó ) . ׸  ī굵 ¥ ִµ  ؼ ФФ ī굵 簳ϸ  ̾.."
,"]""["""
,
,
,䶧   ε  ű  涧 ϴ 
, ٸ  ٸ  ̱ϰ Ư..? İ  ־ ؿ !   湮ߴµ  簡  ȵǽô ۳̶   90γ پٰ  Ͻô Ф    ۿ մ  ŸФ   ϴ Ĵ ϳѾ ݰ־  ϴ... 
,
,Ȳ  ־ 𸣽ô е ̿ϼ ڳ׿ !!
,"]""["""
,
 . ," ī ϱ⵵ ϰ,  Ծ⵵ ߰. ȫ  ֺ Ѱ . "
 . ,
 . ,"İ: ٻ .    ī ٻ.   Ÿִ. Ͻ ī ε ī ҽ   ︮. ι°  .. Ÿ ְ ... °  κ Ƣε,   ־. ī Ǵٰ ؼ  ī   , ī Ƚų."
,
,
ī ޸,ֵ ī  츮б  ̽ŵ ŸԵ 4/26  ī  Ͻŵ Ф  ũ ¥ ְ ģϰ ׵ ߴµ  ִٰ ϴ   ģ  ° õ!!????
,"]""["""
Ʋ꽺,лε Ű    
,"]""["""
,
,
,[ ]
,
ߵȸ,ȳϼ   ѹ°  Դϴ.  ı⸦ ״ غմϴ.
ߵȸ,
ߵȸ,   ְ  ̰    ƴմϴ.
ߵȸ,
ߵȸ,Ͻźе    򰡺 ϰڽϴ.
ߵȸ,
ߵȸ, ְ 
ߵȸ,
ߵȸ,ڡڡڡڡ(4.5)
ߵȸ,(̴ 3ӵ. )
ߵȸ,ڡڡڡڡ(4.5)
ߵȸ,
ߵȸ,湮 ǻ : ׳ ǳ....... ߵ̾.... ......
ߵȸ,
ߵȸ,ȫ  ...  ҰϷմϴ.  ٴ ϰ ٺ ε尡 ʹ ׿ ..
ߵȸ,
ߵȸ,йϰڽϴ. 
ߵȸ,
ߵȸ,ó ̸ ;; ׳ ȵϴ. ֺ  õ̳ ȫ õ óԵǾµ
ߵȸ,
ߵȸ,̴ â κ  ǳ âκθԽϴ.... â ϴµ ΰ ؼ...
ߵȸ,
ߵȸ,ٵ  Ưϰ ̰Կ â ұ Ⱦƿ!!!  ٷθԾ !
,"]""["""
Ʋ꽺,б 鸥 迡 Ʋ꽺 
Ʋ꽺,  ٳ     ƿ:)! 3800ΰ 3900 Ʋ ȸ Ф
,"]""["""
,
,
׸ ȫ,Ŷ ޴̸̳   
׸ ȫ,޴   ÷ص׾
׸ ȫ,
׸ ȫ, ģ ְ Ա  
׸ ȫ,޴ ͼ ϸ 1ð ȿ 
׸ ȫ,
׸ ȫ,ĽŸ  Ų ̾ϱ 
׸ ȫ, ״  ¥ 
,"]""["""
,
,١١١١
,
 īȭ,"翡   θ̶ ȫ뿡 Դٰ   Դ. θ    ̶(  ִٴ Ҹ   Ͻ) ¦ ϰ µ, ϴ  ׺  ִٰ ϼ̴٤"
 īȭ,
 īȭ,"ֹ ũ, Ⱑ, źź, Ի캺, Ī ״. (   Ф)"
 īȭ,
 īȭ,ũ: ũҽ ƴ...  ԰ ; ״µ ؼ ȾϽ  ˾Ҵ θԵ ִٰ Ͻ. ҽ ŭ    ؿ  ߶  ȴ. ҽ   ߿ 忡 ־ ԰ ;.  Ƣʵ  ٻٻϸ鼭 ̱ İ̾. Ī ϱ 2 ־̤
 īȭ,
 īȭ,Ⱑ:   ̿ Ⱑ  ְ ԰ ż Ⱑ츦 Ѻô.   ҽ ̿  ε  ӿ  ڸ   Ưϴٰ ϼ̴.     ʴµ Ƣ п  ̲Ÿ İ   Ծ. ־!
 īȭ,
 īȭ,źź:  ڸ    մ.  ūϰ  ʾƼ Ҵ.  Ծ źź鵵 ־ ¥̳ ٸ   Ծ   Ҵ. Ի캺信   ¥ҽ   ¥鵵 ְڴٴ Ȯ .     ϸ źź  ~
 īȭ,
 īȭ,"θ ԰  ִٴ  λ θ Կ """"""ְ  Ծ!     ;߰ڴ!""""""""  Դ. ̰ɷ  Ϥѷ"""
,
,ŸǪƼ 3800 (Ȯ)
,
,: ϴ   ߰ϰ ԰    ä Ŷ  .  Ļ  ϰ ̾Ʈ ߿ ̰Ŷ ġ ϳ  û θ
,ä  3800 ̴̻.. ۾ƺ  .  ⵵ ִ
,
,Ÿ: ..İܿ ƹ  ȳ ȭ Ҷ ǳ Ծ  Ÿ ׸..Ѱ Ѱ Ѵ... ׸  ſ   ̴° 
,
,: ٳⰣ ȫͽõ𿡼 üȭ  ڱϴ ũ ƼĿ  ȭ ǥΰŰ ΰ Ϳ.  Ȱ    Ѱ   
,
,: ġ ſ бտ ٱ׷ α׿??   پ˰ µ ״ο. ִ ޴ ſ α׿ڸ      ִ....
,  ſ а   ູߴ   
,
, : ڡڡ
,б   Ű Ƶ ī   ĿǴ ȸԾô ٴ ıⰡ ־..  ݷҺ Ŀ ִ
,"]""["""
,
,
Ŀ( īҿ),īҿ䰡 ĿǷ Ǿϴ~
Ŀ( īҿ),ھƸ հ  Ŀ 
Ŀ( īҿ),
,"]""["""
,
,
ع  Ŀ,б ¦  ġ ִ  Ŀε 鿡Ե õϰ ;  !
ع  Ŀ,
ع  Ŀ, ۳ΰ ģ  ó  ̾Ʈ Ѵð ǻ  ˻ϴٰ ã ε ۳⿡  ī׶ 缭 Ծٰ ־     ٽ ٳԾ!
ع  Ŀ,
ع  Ŀ,"   100% л, ũ ,  ̰  ߿ ãƿ༭ ϴٱ    Ѹ  񽺷 ּ̾!"
ع  Ŀ,
ع  Ŀ,ϰ ũ ̶   Ծµ  Ϲ  ٻ İ ƴ϶ ε巯 Ű İ̾ 
ع  Ŀ,      ־µ ¥ ϴ ־!
ع  Ŀ,
ع  Ŀ," Ͻñ   ܸ  а絵  Ŵٰ Ͻô  ܿ   ̴ּµ  ȳ,"
ع  Ŀ,ü  ε  Ŀ ԰  հ    پϰ Ե ʹ ģϼż ̶   湮ϰ  ̾ ٵ ѹ ȸ Ǹ 湮غ ھ!
ȫ,ȫ ù!   !!!!
ȫ,", չٿ԰  ȫ!!"
ȫ,"30,000 ̻ Ű νŸ ø չٿ  ش!!"
ȫ,"׷  ̼ 30,000 ġ ϰ չٿ 1 1"
ȫ,ʹ  ʹ  ԰ʹپƤФ ڷγ  ..Ф
ȫ,̰ ԰ ;  
ȫ,
ȫ,ݵ ~~!!!!!!!!
ȫ, ȳԴµ Ұ  
ȫ,
ȫ,"/źź(7,000) Ұ (6,000, չٿ 4(4,000), ɻ(6,000)"
,"]""["""
õġ, ġ ٿԾ
õġ, ģϽñ Ұ(6.0) Ծµ ʿ 3õΰɷ ġ   ӵ      ƿ
õġ,
õġ,"Ұ⿡   ?ũ  Ŷ ġ Ұ, 丶,  ̷ ִµ  Դ"
õġ,ٸ Ⱑ  ܿ..!
õġ,
õġ, ̶ ߾
õġ,
õġ, Ư ..? ׷   ִµ ġ ԰ ̴  ȶϸ ⿡  !
,"]""["""
Ÿġ,̹ θ ˷ Ÿġ ٵ(9000) ı 
Ÿġ,
Ÿġ," ־  (2), ȣ, , , , .. "
Ÿġ,
Ÿġ,Ƣ ϸ ִ. Ư  ° ϴ. 쵵 ϰ.
Ÿġ,
Ÿġ,ٸ Ƣ ϳ β 3   ⸧   ɴϴ. 
Ÿġ,
Ÿġ,   ƢܳŴٸ   ̰ ѱ׸   Ͱƿ
Ÿġ,
Ÿġ,"  ģ ؼ Ѱ  Դµ(   ),  ޴    ſٰ ϳ׿. "
Ÿġ,
Ÿġ,⸧ µ   ... Ƣ ʸ ֽŴٸ   ǰ ׿!
,"]""["""
,
,
  ,ΰ  ؼ ϱ Ƹ޸ī ؿ ̱ ѵ Ƹ޸ī ־ Բ   ش޶ ϼż øϴ
,"]""["""
&,ٵ &amp;?  ¥̸ Ծ ؼ  .....
&,¥ 5900 ̶ Ұ⹵ΰ ̷͵ ִ װ 4900ΰ ׷ ӵ ְ
&,  ѳ  ߴǵ  ־  ϰ  ԰  Ŷ  ʾ ϼ  
&,ִ ߺ ҽ ̶ 񺭼  ܸ
&,б ó   ̶  ٵ ¥̸ Ծ༭  ޴   ڴ^^... ƿ ԰   ʹ  Ф
,"]""["""
Ϸ,λ 쵿 Ϸ
Ϸ, īɿ쵿 8500
Ϸ, ׳ɱ׷
Ϸ,͵  ̴ ̻   ȵ 
,"]""["""
, ƷƷ ִ  
,б 鷶ٰ  «  ٰ ߰ؼ  尡 4000 ̶    4000 ġ?  ġŲ  忴....  ġ Ÿ~     Ÿġ  丶 ??  ̷  ߷!   ΰ ϱ 谡 ʹ θ Ŷ  ˾Ҵµ...   ~
,"]""["""
,
,
ġ,Ÿ ġ ¥ ʸ ؼ 
ġ,ϰóѾ  󱸿
ġ,ƽ  ġŲġ Ӱµ
ġ,ʹ վϴ٤ФФ
ġ,
ġ, ߰ ʿ ߷մ  ƴ϶     ־ Ҿ
ġ,׸  ߴٸε ߰ ϰ Z߾
ġ,翬 Ű õ  ߰ ó  ̷  ñϱ ϰ...
ġ,
ġ,ٵ ٸ ۿ    ߶ִٰ fµ       󱸿..?  ´ ϰ   ؼ Ѿ
ġ,
ġ,Ÿ  αⰡ Ƽ ð  ȳ´ٰ ϼ̾??
ġ,
ġ,Ե ģϽñ
ġ,Ե غϴٶ
,"]""["""
,ġĴ (ڡڡڡ)
,
ġĴ,ġ :  ȫ԰ 濡 ̿쵿 
ġĴ,
ġĴ, : 4500 ε  ǳ 8500¥  + ġ Ʈ 
ġĴ,
ġĴ,"Ư¡ : ġ +  ,  , ҹ  Դ .   ٰ   پ Ȱµ ֱٿ  ˹ٸ  ڸ ϽŴٰ ."
ġĴ,
ġĴ, 4  :  ְ ѵ    ƴ϶ ϳ .
ġĴ,
ġĴ, ʾ ھ ó   ̷ ° ´ 𸣰
,"]""["""
,2  ġ
,
ġ," ġ  ִµ   ܿ׷ ! ׻,,丶,,ġ ְ 5.3̾ ִ° Ƽ ϰ Ա 絥 ־ Ư  ? ƻϰ Ҵ ǰ ..."
ġ,ٵ ʿ ´ ߷־ ΰġ  Ⱦϴ   !^^
,"]""["""
,
,
 ̾߱," ȣ ܰ ....̷ ˰ 4 ȫٴϸ鼭 ѹ Ȱôµ ̶,,?"
 ̾߱,6ÿ̰ ڷγ  õ ٽ 
 ̾߱,
 ̾߱,̼ ù Ծµ 
 ̾߱,ù+   ۰ ȸ  ̷ ( Ƹ ħ..?)
 ̾߱,ö ػ깰  ݾ ٲٰ
 ̾߱,Ƹ   
 ̾߱,
 ̾߱, 38000
 ̾߱,ƽ α ı⺸ ѵδ ص 35000̾ͤ
 ̾߱,ٸ̺  ޴ ȸ+(2) ̸Դµ
 ̾߱,  ֳ
,"]""["""
,
36Ÿ ȫ,ȫ ŬŸ  ʿ 
37Ÿ ȫ, 2μƮ 3̰  ¥¥   õ
38Ÿ ȫ, ְ..
39Ÿ ȫ,㿣 âұ Ծ
,
,
ī , ﱹ    ̴. 
ī ,"ǥ ޴ ̴ ī  ߳,  ֹߴ."
ī ,
ī ,  ϴ ڰ ⿡ ī    §  ʾ ִ ̾.
ī ," Դ ο,  񱳸 غڸ ο쳪     پ   Ͽ ׷ ü  ̾."
ī ,
ī , Ư  ̾µ ׻  ⸦ ̿  ϽŴܴ.  Ծ  ٸ̾. ׷ٰ  Ư⳪ ִٰų İ ٰų  ƴϾ.
ī ,
ī ,  ѵ ̷   ٸ İ ϰ  Ư  .
ī ,
ī ,"࿡  ƽ   ⺻  ʴ,     ̾  "
ī ,
ī ,߳δ    ʹ ®.    ü §    Ҵ.
ī ,
ī , ڸ  ¥    ַϴ ε ǥ    ֵ (Ư  ׸  ĵ   300?ml   ĵ̴)   ְ Ա⿡   ̾. 
ī ,
ī ,"׷  Ѵٸ   Ծ ,,,"
ٴȸع,ٵ ٴȸع ..
ٴȸع,
ٴȸع,ȸ ¥  ̰  ޴ ־
ٴȸع, ģϽʴϴ
ٴȸع,
ٴȸع,ָ ΰ  պϴµ
ٴȸع, ΰ   ƹ 
ٴȸع,Ȥ  øϴ
ٴȸع,
ٴȸع, óԴϴ
,"]""["""
,
ں, ִ°   ־ ȫ ͺ
ں,ʰ԰ 
ں,
ں,ڳ̼ + ߴµ  ߾ǰ ?
ں,۷δ ϰ 
ں,..... ʹ !!!!!!! ƴ ۰ â ϳ õ
ں,
ں,   ִ° ⵵ϰ?
ں,׷ ڸ԰  
ں,1 ǵ ϴ ߰ؼ  ø
,"]""["""
ݹٴټ, ݹٴ    . ݵ â̰  ɰϰ   μ 峭 ƴϿ. 
ݹٴټ,"ȫ   νð '̺  л ־  ش', ' ȫ л ¥ ƴϳ',  Ե   ַ ־ô   ýϴ. "
ݹٴټ,Ӹ ƴ϶  ú ɰ  ̴󱸿. 
ݹٴټ, Ѱ ƴ϶ ̹ ڵ ٴ ŷ   ĸ߽ϴ.  ż   ĥ    ڴٴ   øϴ.
,
ε鷹,1. ε鷹 1 -   6000
ε鷹,
ε鷹,ʵб   ó ִ 
ε鷹, 5-7 + θ޴( )
ε鷹,Ѹ
ε鷹,¥ 䰰 ʹ ־ б ʿ 5 ⼮!  ϴ . νŸ  ޴ Ȯ 
ε鷹,
ε鷹,2. ε鷹 3 - ö 4000
ε鷹,
ε鷹,񼺱ȸ   ó
ε鷹,"޴ : Թڽũ, , ʹ, ,   پ"
ε鷹, .  ε鷹1  ֱٿ   ϰ Ա .  ε鷹1 ! ⵵ νŸ  ޴ Ȯ 
,
ι,3. ι -  3-6000
ι,
ι, ٷ տ ġ 
ι, ܿ Թڽũ ī ޴  ٸ ͵ 
ι, Ұ ġ(3000)̶ ſ Ұ ġ (4000) Ծôµ ڴ  ߰ ڰ ־. ܹ ũⰡ   ̶ ϰ  . 
,
!쵿,"4. !쵿 - 쵿, ,   4-6000"
!쵿,
!쵿,翡   ݸ ȴٺ 
!쵿,ġ Ծµ ⵵   Ѱ ִ!    ˾Ҵ ܰ   .
,
,
,[ ]
,
 ,ȳϼ  ȩ°  Դϴ.  ı⸦ ״ غմϴ.
 ,
 ,   ְ  ̰    ƴմϴ.
 ,
 ,Ͻźе    򰡺 ϰڽϴ.
 ,
 , ְ 
 ,
 ,ڡڡڡڡ(4.5)
 ,(̴ 3ӵ. )
 ,ڡڡڡ(4)
 ,
 ,湮 ǻ :      ȥڶ ϴ.
 ,
 ,ڷγ ·  ƴٴ ʰ   Ұұϴ
 ,
 ,   ܺ  ̶ ó ñ԰   ϴ.
 ,
 ,ϰ 2 ڿ µ ÿ ̺Ʈ  Ͽ  6 20?   ¥ ̺Ʈ ־
 ,
 ,̻    ѹ ãưýϴ 
 ,
 ,ù ̶  Ѿϴ  ߶ϴ  ׳ õ常 ٵ Ծµ  
 ,
 , δ  ü ᵵ  ⺻  Ͱ ѹ  Ͽ Ұغϴ. 
 ,
 ,ݱ б   Ұ   Ұغϴ.
,"]""["""
,
,
 Ű丮  ,ȫ ó Ű丮(߲ġ) Ĵ ̾ θ η ŭ ְ Ư  Ű丮  µ 
 Ű丮  ,
 Ű丮  , (ǻ Ǽ ڶ) ġ  
 Ű丮  ,
 Ű丮  ," 7ÿ ϴ 1δ 3.5, 9ÿ ϴ 2δ 1.8 Ѵ ī  Ѵ  ʼ 10ùݺʹ ޴ "
 Ű丮  ,
 Ű丮  ,  1δ 1ܾ ֹؾ ؼ   ⿡ +0.7-1.0 ޴ ɺ α پѵ κ л忡  հ  ƴ
 Ű丮  ,
 Ű丮  ,  1.8¥ 9ÿ ϴ 2  
 Ű丮  ,
 Ű丮  ,޴ǿ ´ٷ ʴ    Ǥ̤   ( ޴ ϰ  ) 
 Ű丮  ,
 Ű丮  ,ù°  ߰װ  λ ߳  ϰ ε巴 Ծȿ  ε ״  Ծþ ߰ ״ ÷̶  λ 
 Ű丮  ,
 Ű丮  , Ű丮 Կ  ߱  
 Ű丮  ,
 Ű丮  ,԰  ƽ 1 5õ¥ ׻ġ ֹߴµ   Ḧ ϸ ִ ׿ 븮 ġŲƼ и  ٵ ϱⰡ ̾ 
 Ű丮  ,
 Ű丮  ,޴  ˰ 2δ  Ļ纸  ַ  1δ  - Ļ ҵ ߿  1θԾʹ
 Ű丮  ,
 Ű丮  ,ȫ ߿ ģ//ȥڼ ѹ   Ѵٰ 
ġ,Ʒ Խñ   ġ 
ġ, ġŲ  µ Ȧ Ÿ β Ÿ ġ 
ġ, 6000 
ġ,
ġ,   ƴѵ ΰ  չٴ   β
ġ,
ġ,δ Ÿ   ġŲ blt Ұ    5-6 ־ 嵵 4  ־ 
ġ,
ġ,̶   ׽ƮϽŴٰ Ŀ ֽŰ ֽ. ĿǸ 3̳ ż ٰ ߴ ī  Ÿֽð ӷŰ ֽ
ġ,
ġ,ٵ  ӷŰ
ġ,¥ 
ġ,¥ ־
ġ,
ġ,īյ Ĵ    Ծ
,"]""["""
ī,Ǫ  ī ̻簣 !!
ī,
ī,3 1ϱϰ ٲ 16Ϻΰ Ѵٰϴ Ű ٲ Ǻ 
ī,
ī,12  µ ο 4 ־  տ ٷ  ̤ ð ֹϰ ĳ ð 45 ɷȾ
ī,
ī,   ~
ī,̴ٴ νŲŴ
ī,
ī,"ȥī Ʈ ġ 2 1    2 ̷  ī,  ҽ, ſҽ   ! ̰ ġīǰ̶ ȥīƮ Ű  θͰ ~ "
ī,
ī, Ҿ ٷ Ƣ༭ ٻ
ī,  ϰ   ū ̴ µ?? 
ī, 1ñ ؼ 10оȿ ϴ   ߾ȳ ....  .
,"]""["""
극巳,̽Ʈ   մϴ
,
극巳, ִ &lt;극巳&gt;̶ ε  ģϽð  ׸   
극巳,
극巳, ö Ͻ (Ǫ+Ͻ ¿) ũοͻ õ 
극巳,
극巳,ϰ 缭    ̰Źۿ ...
,"]""["""
ö,ö -  ĬϹ ı????
ö,
ö,ģ ȫ뿡 ͼ  Ҵ.
ö,趼â - ķ۽  - 2籸 - ۴Ϸ  ǳ ĬϹٿµ
ö, Ƭ߾ٸ ƹ ޸   ȭ ʰ ִ  տ ٰ å  ö
ö,
ö, ϳ  :)
ö, ڴ 16000 ī 17000 
ö,         ڴ 2~3õ  
ö,
ö,  2 Ű  5000ݰ
ö,ϸ ܺĹ԰ϰ 츮   ⸧   ų Ƣ  κ     ̤
ö,
ö,ĬϹٸ ˻   ĬϿ      Ƿ  ڼ  ı⸦ ڴ٤.
ö,
ö,ϳ   ɰ Ǯε . 
ö,׸ ȭ ϴ!! &lt;- ߿
ö,뷡  .  ˼
ö,˹ٻ ģϽô.
ö,
ö, ѹ Ĭ ö  Ѱ̴.. ѹ  پϰ  ϴ. 
ö,񽺴 ظϸ ֽô   񽺷 ֽ  ( =  ޴ )  Ƽ Ϲ ޴  ٸ..  ȭϰ  ִ. 񽺸    . 
ö, ߵ ⸧  ָ   ִ. ȭغ  ⸧̴ . Ȳ. ??(ϳ)  3 ߴ.
ö,
ö, Ŀ  ߰ڴ ~
,"]""["""
ġ, ġ/ ȣ!
ġ,ȫ뿡   ִ  ġ Ծôµ ̹ ȫ 2 (͵101 ǹ1) ʴٰ ϴ ġ   ø
ġ,(ġ ȣμ ʾ ...! ؼ excitation  )
ġ,
ġ,  ġ  带 ߴµ
ġ,ġ غ!
ġ,
ġ,&lt; ġ&gt;
ġ,
ġ,   ġŲġ ԰ ;. ٵ  ٰ .... ƽƽ ׷ ȣȣŶ  ġ   1... ֳĸ ״ ⺻ġ  ϰŶ ߱⿡..
ġ,ٵ 丶並 Ͱ ̳!   ˰  ߷־(丶䡿) ̰  վ... ٸ Ǵ ̾.
ġ,ġ   ǰ Ҹƴѵ...! ƹ Ŵٺ ξ ־. ⺻ε ġ   Kick̾.
ġ,
ġ,&lt; &gt;
ġ,
ġ,    ̽ 巹̾.   ȴµ    ̾. ׷ Ÿ      Ÿ .  ÷ε  β   5~6 ־.  ä ż߰ پ ä   ־. ִ   !   ʰ  ޾. ٵ  Ƽ ϴ ̶ ٸ ᵵ   Ŷ  . 
ġ,
ġ, ŭ  ٴ ߰  忡  佺+ 巹 ־ Դ   ؼ ׷  Ÿ  .
ġ,  (ġŲ+)  ־µ     . ߰   ƹ  ƺ... ݵ 6000̰( ¥ .)
ġ, δٰ   ְ ȫ뿡 峪 ġ  Դ е ƽǰ!   
ġ,
ġ,㿡  ġŲ ġ Ծ Ф
ġ,
ġ, оּż մϴ^0^
,"]""["""
,"Ư¡ : ܱ (ѱ ), üڿ丮, ִ "
, :  3.7/5.0(湮 ǻ O)
,
,"ȫ  ΰŸ , 2ҵ ã  迡 ̰   û  ִ  ߽߰ϴ. ü  ̶µ. Ȯ ̷ Ŀ ͼ   ó ޴ ҽϴ. "
,"޴ Ǽ .... ޴ 1.2~ Ѱ 3 Ĺݴ  ˴ϴٸ κ 2 ߹̶ Ͻø ˴ϴ. , , ÿ, ġ, ũ,   پ ޴ ־׿."
,"(ó  Ʈ޴Ǹ ֽôµ, ٸ ޴ ޶ ûϼž մϴ.)"
,
â , 2κ
â ,
â , 迡 øϴ
â , ֿ ϴٸ
â ,
â ,⳻  ̳
â ,̺ ɾ ϴ ؾߵǳ?
â ,   ̾  
â ,
â , ʿ â  ° ƴ϶  ֱ⶧   Ⲩ Ѵٰ ߽ϴ.
â ,
â ,"׷ ʹ   ,  ׷  ϴٰ մϴٸ ʹ  ϴ."
â ,
â , ȸ԰  â ȫͼ óԴϴ.
â ,
â ,̰    Դϴ   Ǹ  øϴ.
,"]""["""
,
,
Ÿ ¸ ,б  Ÿ ֱ ѵ... ȫŸ  ޿ ͼ ɾ ִ  ġֱ.
Ÿ ¸ ,־! ݴ밡    Ծ ־  .
Ÿ ¸ ,
Ÿ ¸ ,ó ̴ ĽŸ  һĽŸ10500ε ¥ ־. ѵ  ׷  ʰ  ʰ  Ͻ ܾԾ.
Ÿ ¸ ,
Ÿ ¸ ,ڴ 9000ε ϰ ְ.
Ÿ ¸ ,ȫ  Ÿ     ִ ̿.bb 
Ÿ ¸ ,  ׹    ְ      ƿ.
Ÿ ¸ ,
Ÿ ¸ ,  θ̶ µ   ־ ߿  ͵   Ҿ. ð  ѹ ??
,Ƽ   Ĵ  «
,8000̰ Ͼ« « 
,ݵ ׸ Ⱥΰ 
,ٸ԰ 䵵 ϴ¸ŭ ܿ ۼ ¥ ƸԾ ־.. ϸ  ¡
,"]""["""
â, â (1987 â)
â,
â,"ġ ھ,        ִ  ٲ. "
â,
â,ġ Ƽ  ׻  µ
â,"¥ ʹ ְ , Ե Ƽ"
â,ȸ ھ  ẽ Ф
â,
â," 11  ߴ  , "
â,湮 3-4ȸ  ߴµ  ѿ â . 
â,
â,켱 ؿ  Ų ޴
â,1987   .
â,뿡 â â â  
â,ؿ  2κε 縹. 
â,
â,ʹ    Ŷ 
â, ٷ  Ǵµ ¥  Ф
â,   ε巯!
â,׸ â    
â, ¥   ־ ʹ ְ  ̶
â,ֺ ڶϷ Ӥ
â,
â,"ҽ ⺻ â ҽ, ҽ, ⸧̶ ұ ̷ µ ҽ  峭 ƴ... "
â,
â,"䵵 ⺻ â ̶ ٸ  , ġ ,  ̷ µ ¥  峭  ֽ ҽ  ߶ װ ٷ   ,,"
â,(䵵 2κε   湮  ؼ 񽺷  ֽ Դϴ)
â,
â, 簡 ʹ ȵż 񽺵 ֽô   
â,¥    â 1 ε
â,ٵ  ڴ...
â,  ȫϰ ģ µ
â, ʹ  Ÿ ۵ ó ẽ...
â,
â,ϱ  ٵ ִ â 弼~!~!
â,ȸ ڴ  ФФФ
޾,űڿ ޾ ߳
޾,ѿȸ ޶ܼ ϱ 1 17Ϻη 
޾,   6 
,"]""["""
,
,
 ĥ, ǻ  Ĵ ̿~
 ĥ,׷ 赵  ű ޴ ־
 ĥ,  κ 丶 ĽŸ ޷  ĽŸ ...?
 ĥ,   ޴  ѹ     ؿ!:)
 ĥ,
 ĥ, ع  ũ Ƕ ÷ 񷹿
 ĥ,Ѵ  13000!
 ĥ,
 ĥ, ũ   ſ... ׸ ſ ũ̶     ...??
 ĥ,(  ģ     ߸Դµ ̰   )
 ĥ,
 ĥ,÷ 񷹴 ÷  ʰ    췯  û߰  ׷ Ϲ  ĽŸ   ʾҾ!  ǰ ڸ  ع Į  Į ƴ ĽŸ  Դ ̶ ϰ ;! ̰ õ!
 ĥ,
 ĥ,Ҵ ϰ   ̶ ϴµ     Ծ ⵵ Ŀõ   ƿ
 ĥ,Ư ںе  Ұ ƿ??
 ĥ,
 ĥ,ȣɿ ѹ   Դϴ
 ĥ,  ι   ׿~
,"]""["""
, ڸ...
,
, ְ ԰ 븸ߴµ ׳   ټ ... 忰 ߵ    ػ깰  ֳİ Ͻ  
,
,찡 ;ų ż ʾҴ  .
,"]""["""
޸,޸  Ծ
޸, ־ ȫ ٰ  ְ  ޸ 
޸,ī ũ ̴߽ ڴ ִµ 䳢   ƴϿ( ؼ  ۿ)
޸,
޸, ǰ Ͻð  ټô
޸,׸   5    ΰ ű߾. ݵ  ΰ
޸,
޸,+  ׷ ԰ ǰ ũũؼ ڵ Ұ  ڵ ;;
,"]""["""
,̵  ݾҳ..
,Ͽ µ  ְ  ߴٳ׿..ϼ
ġī, ¾ ó Ծ  ī
ġī,
ġī,κ  ־µ ҹٸ  ο.
ġī,"ʹݿ  ,  ߰ û, ,  ¥ ־!"
ġī, 纣 ö Ǫ 񽺹 Ʈ ̴ּµ ..̾ϴ...
ġī,ī ġ ո ݿ ȫ ó   ִٴ    ƿ.
ġī,  ״  μ ߿     !??
ġī,
ġī,ġ 3.5 ʴ  𸣰ھ...??
,"]""["""
,
,
 ũ,ġ:  ̶  ǹ 2 (Ʋ )
 ũ,
 ũ,":   6000, Ȧ̴ 34õΰ..? ȳ"
 ũ,
 ũ, Ƴ ̶ øϴ!!!!!!!
 ũ,
 ũ, ȣڸӷ/ ׷
 ũ,
 ũ,ȣڸӷ: ( ʿ ִ ) 
 ũ,
 ũ,ȣ ûε巴.. ȣ ϰ ϰ  Ǿ־ ȣڸ   ޾Ƽ ?   ӷ ޴ؼ ̸ ׳  Ѵ!!!!!!!  Ծ ̴!!!!!!!!!! ó Ŵٸ ȣڸӷ źñ! ñ״óԴϴ ñ״!!    ȥ.
 ũ,
 ũ,׷: ( ) 
 ũ,
 ũ,û Ư     ƴ.   ݷ Ⱦϴµ   ִ ݷĨп ٻٻ İ   ־!! ؿ    ũ ְ  ׷ũ ִµ Ʊ׳ɳʹֽϴ
 ũ,
 ũ,:    ؿͼ  Ծϴ! ⺻  ε   β ̱  Դϴ!   ŭŭؼ İ  Ҿ. but ȹ ҿ    Ͻô  ϴ   !
 ũ,
 ũ,ü ̰ û β! ׷  Ծ ҷ. ġ  Ǫ̱⶧ Ľ ..     Ʈκ ٻؼ ִ ũ̶   İ뷱  ٴ Դϴ!! ׸ Ʈ ġ   ü  ʹ    ִµ  Ʈ     ִ ̶. ü ǰϸ鼭   °   Ư¡  ϴ!
 ũ,
 ũ,׸ ֹ µǾ־    ־. ϰ κе ģϽ 
,"]""["""
,ù (       )
,
,[ ]
,
ù,ȳϼ  ϰ°  Դϴ.  ı⸦ ״ غմϴ.
ù,
ù,   ְ  ̰    ƴմϴ.
ù,
ù,Ͻźе    򰡺 ϰڽϴ.
ù,
ù, ְ 
ù,
ù,ڡڡڡ(3.5)
ù,(̴ 3ӵ. )
ù,ڡڡڡ(3.5)
ù,
ù,湮 ǻ : ɾ  Ȱ ߱ Ű  ŵϴ.
ù,
ù, Խù ø   2~3 Ծ Űٺ غ  ְ Ͽ ϼ̵Ǹ øٺ ö ֱⰡ ġ  ϼǴ  ø  ߺǰ   ϰ   ϰ ּ 
ù,
ù, Ȳ Ȳ̰        ֹ  Ű  ׷     ߱ ϳ Ұغմϴ.
ù,
ù,켱 δ Ѱ  鷶 2    ϴ. 
ù,
ù, մϴ.
ù,
ù, ߰ؼ  κп  űԴϴ.
,"]""["""
,
,
 īȭ ,Ÿ   ϰ ٰ  ôµ ¥  ʹ   Ƽ ø! 
 īȭ ,
 īȭ ,Ʈ޴  丮 ߿丮   2 + ¥ «   2 ؼ 22000 ̾ 
 īȭ , 丮 ߿丮 «2 ߾
 īȭ ,
 īȭ ,߽   丮 μ   Ծµ Ʈ   ־   湮  ! 
 īȭ ,ű  ʹ ģϼ̾ ĵ ְ 񽺵   ߴ ϰ Ǵ 
 īȭ ,
 īȭ , ̰ Ѱ   Ծ ٸ     ִµ   õ!!
,
̿쵿 ,1  : 6~8õ
̿쵿 , н  Ϻ ī Ÿ 쵿 Ĵ 쵿 Ϻε   ȫ ְ   ϳ
̿쵿 ,쵿 ޴ 6~7õ ư԰ 2500ε ݴ ſ 
,
,
  ,1  : 1.5~2.5
  ,︲ұ Ÿ ġ ߽ĭǪ带 Ĵ  ī  
  ,õ ޴ ī(1.2) Ÿ(2.5 )
,
,
,1  : 1.5~2.5
,︲ ұ Ÿ ʿ ġ ΰ  ߱ θ Ǵ  ٸ ߱    Ĵ޸ ϳ 
,õ ޴ ౸(ǥ  0.75)  (3 1.0) 
,
,
,1  : 
,ʿ Ǽ   ִ ߱  Ǹϴ ߱
,õ ޴ ɿ Ĵ  (7õ ) ̳ 丮   ãư ʿ 
,
,
īŸī,1 : 
īŸī,9ó ִ Ϻ Ĵ  
īŸī,õ ޴   ׳ ° Դ° õ(  ) ɽð(11ù~12ù) ǰ޴ ȾƼ  ΰԸԴ° 
,
,
߻̸,1 :  
߻̸,ȣȭ ʿ ִ  ֱ  ٸ  Ƽ   ܼ    
߻̸,õ޴ ɸ(  8õ??)
,
,
źź,1 :  
źź,"ġȼ ǹ ִ źź Ĵ , ߱ źź ƴϰ Ϻ źź"
źź,õ޴: źźۿ  ΰ ſ ִ
,
,
ī,1 : 3.5̻
ī,н  ̿쵿ó ִ ʹ ̵ þ ġ      ؾϰ   ڽ 3.5
,
,
͹ũ,1 : 1.5
͹ũ,б  ٺ ִ ɟ尡 10ÿ µ ڸ ټ   ִ. ̺ ȸ   ߸ 1ð  ٷ   
͹ũ,õ޴: ɟ(Ʈ 1.5 ׷)
,
,
 ,1 : 1.5
 , ؼ  ĽŸ Ĵ      ɽϰ Ǿ   ӵ ſſſ  ȣٴ ԰ ⿡  ü 
 ,õ޴: ( 2 ū 3.3)
,
,
,
ݺĴ,1 : 
ݺĴ, ް ִ  . ø    ҿ  Ǵ Թڽũ  ̸̹  Ϻ 󸶳 1  ϰ  ó ְ 
ݺĴ,õ޴: Ư(9õ)
,
,
Ե,1 : 1.0~1.5
Ե, ϱ ָ  ġ   ׳  ãư.  ȵǰ       ƴ϶ ũ Ƣ̶ ص 
Ե,õ޴:  (9500)
,
,
,1 :  
,Ŀ   ġ «Ͱ «͹ۿ Ĵµ  ̽ ä ܶ  ִ «̶ ѱ׸  -ϴ  ̽ϰ 򱹹 ̽ 2 ִµ Ѵ   ߰
,
,
,1 : 2 
, ϱ ָ ġ ִ ĥ 丮 Ĵ  Ż  Ѵ. ũ ¦ ƴ϶ ġ ҿö  Ĵ ȵǴ   ϳ ٸ ĽŸ Ÿ̻ ϰ ƶġϰ  ִ
,"õ޴: (1.8), ƶġ(8000)"
,
,
Ÿ,1 : 1.5
Ÿ, 1ⱸ տ ̱() ϴ Ÿڰ ǰ Ʈ   ԰ Ÿڶ ġâ  ִ. ڱδ 谡    1μƮ~4μƮ ִ.
Ÿ,õ޴: ׳   Ʈֹ ġâ 
,
,
̳,1 : 3 
̳,    ִ ߱  ߱丮ٴ ѱ ߱丮  Ȱ  ȼ     л  δ ݴ밡   θ̶  
̳,õ޴: Ʈ(3 )
,
,
̺Ÿ,1 : 1
̺Ÿ,"ص۱  Ⱦܺ    ִ Ÿ(ⵤ) , ҷ  ⸦ ø  ߲ġ Ĵµ    ׳ Ÿ "
,
,
й,1 : 1 
й, ϱ ָ ġ ص۱  Ⱦܺ  ʿ ִ  񽺹Ѱ Ȱ Ĺ  ѳ ̱    ִ  
й,õ޴: Թڽũ(9500)
,
,
 ˷,1 : 1.0~2.0
 ˷, 1ⱸ  ִ ± Ĵµ ȫó ± ߿    ± ջձ ƴϰ  ѱȭ ż ϰ    ٸ Կ  Ĵ ±ĵ ⼱ 
 ˷,"õ޴: c(1.6), Ŀ (2 )"
,"]""["""
ĺ,б ó  Ŀ Ǻ Ծ!!! 
,б ó      ¥ µ... 
,Ŀ   Ǻ ԰ ; ũƿ ϶ ׷ Ŀ µ ߽ ϳ ԰ ħ Ծµ ʹ ϰ ־ ̤̤ ... 
,ī䵵 ؼ ϱ ! ԰  е鵵 
ɸ ߽,ڿ  ߰ؼ Ծµ ࿡ ִ ɸ̶ ٸ ν    . ɸ࿡     ȥؼ  찡 ִٴµ ׷ ̽? ׷ ǿܷ  󺸴 ¥ . ٵ ī ɸ̶ ؼ  ĮĮѰ ߴµ ׳    ʰ . տ Ķ ߰ ֱ淡  ſ  ϰ ־  . ߿  ߰ϸ Ϲ ɸ  ʵǴ ϱ.
ɸ ߽," 쵿 ߾ƾƾƾƾƾǰ   µ ׳  쵿̶ ϴٰ  . ׷   ̶ ׷  ܴ. ̱  ϸ µ ƴ϶ ¸ ɼ ϱ ¸ Ű° .  ̱Ѱ ص ؼ ڷ Ѹ. ڰ 400׷̾ɷ ϴµ, ƹư  ."
ɸ ߽," Ҹ  ź   .  ¥ ѵ,  ̶  ִ°Ű   ¥. ߿ 信  Ŷ ְ ."
ɸ ߽,  ʴ. 8000 絵  䵵 ϱ. ٸ  ȣȣ   ϱ  ˾ƺ  .
,"]""["""
,
,
,[ ]
,
ڸ,ȳϼ  °  Դϴ.  ı⸦ ״ غմϴ.
ڸ,
ڸ,   ְ  ̰    ƴմϴ.
ڸ,
ڸ,Ͻźе     ϰڽϴ.
ڸ,
ڸ, ְ 
ڸ,
ڸ, Ѹ
ڸ,(̴ 3ӵ. )
ڸ,ڡڡ(3)
ڸ,
ڸ,湮 ǻ : Ѵ޿ ѹ   Ͱϴ.
ڸ,
ڸ,  ̳?   ù õõ ʷ øڽϴ. 
ڸ,
ڸ,̹ ù Ѹ̴       ˷帮ڽϴ.
ڸ,
ڸ,̹  ġ  ̴ٺ  ü ٴ° ̸ ϴ.
ڸ,
ڸ," :  ġ 9,900 , ָ 12,900Դϴ."
ڸ,
ڸ, Ŷ 11ùݿ ؾϰ   11 50п ߴµ  ϴ.
,"]""["""
, 극 Ŀ. Ŀ ũ⿡    α  ȣȭο      . ¥   ФФ 
,
,Ŀ尡 ¥ ̾. ȫ ʹ ְ..   ˾Ҵµ ˵˵ϰ  ĳϰ  Ф ݴ ߰ ߰ Ʈ(  κ ƴѰ  κ  )   ϰ  ФФ ȫ  1 ɴ  ó 帴   ˾Ҵµ ⵵ ϰ ¥ ִ. 
,
,ǳ ܸ Ծ ణ ޴    ԰;µ ¥ 븸̴!!!!!!
,
,극 ѿ  ˰ İ ʹ  ӿ ͸     !!!!!
,
,Ļ ǳ ǰ̰ α 淡  纽. Ѻκ  ¦ µ  ¥  . ٽĻ ܰؼ Ⱦϴµ Ļ ʹ ʹ ִ... 佺ƮظԱ Ʊ ׳  Ծ ִ..
,
,Ŀ   Ծ .
,"]""["""
,
,8õ
īȭ,Ǵ    2 
,"]""["""
ζ, ζ ÷ֽź  մϴ ФФФФФ չٿ  ġ ϰ ְ ¥ 
,
,  ̶ ּ
,"]""["""
,
,
 ȣ,~ ̿ ߽ ִ° ֱ
 ȣ,ȣ+ Ĵ°
 ȣ,
 ȣ,ýóȣ ũȣ ġȣ ְ 8500~11000!
 ȣ,
 ȣ,ýó̶ ũ Ծµ ýó  ־ ũ  (ũĽŸ ũ)
 ȣ,
 ȣ,ִ īŻ  ε Ű ظ ?ſ ֵ
 ȣ,
 ȣ,غյε Ưϰ ְ ⵵ 
,"]""["""
,    
,¼ ɸ
,
,޴ īɸ
, ѵ ٽ    ƴ
,8000
,"]""["""
, 4ⱸ ʿ ִ ''
,
, 'ǰ'̶ ߱ ȣ ٲ 
,
,⺻ ߱Ŀ 븸 ַ Ȱ ִ.
,
,"ڰ   9,500¥ "
,
,Ծ  絵    ¦  ⺻ ġ ϴ  
,
,    ʾҰ  ϸ ׳ ߴ.      . ϰ ڸ ణ  ?
,
,׷ 湮 ǻ簡    Ծ߰ڴ.
,"]""["""
,
,
 Ĵ,Ƕ̽ 9900
 Ĵ,? 9900
 Ĵ,
 Ĵ,¥ ִµ űϰ մ  ÷!!
 Ĵ, ޴   źϰ «ִµ ź Ծ ߰ «͵ ǰ ־!! «!!
 Ĵ,"ȫ Ÿ   ȸǽø Ĵ , ǳ   Ĵ ټ ٷ Ǵµ Ĵ õ  ¥  ܵ ̻ ŭ  õ մԵ   ذ ȵǴ ĴԴϴ!   .....ҰԿ䤾"
,"]""["""
,[ Ʈκ / İƼ]
 Ʈκ,ĽŸ 8500 / ҰҹĽŸ 8900
 Ʈκ, ı.. ??
 Ʈκ,
 Ʈκ,  ߴµ ޹ (Ƹ ſ) ó ȸϴ Ÿ õ ı⸦    þ.
 Ʈκ,
 Ʈκ,"ĽŸ̶⺸ٴ   µ,    ׷  ͵       ָ߾.  ٴ    Ƽ ū  ..    ְ  ִ ĽŸ  ;."
 Ʈκ,
 Ʈκ,ҹĽŸ    Ұⵤ信 丸  ٲ ̱.. İƼ ҰⰡ ״ ȭ ʾҾ. 鵵 ʹ    ұ.
 Ʈκ," Ľź,    ڸ 񸰸 ʹ  öͼ ԰ڴ󱸿..  ģ   Ծ ̰  ..??ƹ ص ߸  ϼ̰ų,   ο. "
 Ʈκ,"ũ 丶2:ũ8 ̶ ޴ ֵ  ũ ε,  ֹ ̶ ؾұ.. û δ ƴѵ ׳.. ָ߾."
 Ʈκ,
 Ʈκ,"׸ Ʊڱ (ȫ  ..)̾, 2μ 4μ Բ  6̺  ־  ƿ. Ŀ Ʈ δ մϴ...  ġϴٴ  ޾Ƽ θ  ־. ȥ ƺ."
 Ʈκ,
 Ʈκ," Ų ޴鸸 ο 𸣰, Ͻô  Ե鲲 ˼ؼ ɽ ѵ... ׷ пԵ鲲   帮 ; ۼ߽ϴ. Խ ãƺ õ ۵ ׿.   ־  ּ. "
 Ʈκ,
 Ʈκ,׷ ٵ ִ   ð ູ  ñ ٶϴ! оּż ؿ :)
,"]""["""
ī& ĥ 7in, 1 ⱸ ͼ ݸ ٺ  ī& ĥ 7in
ī& ĥ 8in,氡ٰ ԰ ʹ ð̶ ô٤
ī& ĥ 9in,  ī ޴ 
ī& ĥ 10in,  ܸ ֹ߰ ʴ 񽺤
,"]""["""
,
,
 ,ÿ (б ó κ )
 ,ʹʹ ˴
 ,޴ 
 ,⺻// ̷ 
 ,í 2 öִ Ƹ  ̶ ߰ε
 ,ưϰ  ϳ µ   ̴ֻ... ФФФФФ
 , ְ  ûû÷ ģϽ...
 ,׸ ̶  ߰ 1ȸ ε
 , ϴ  ε  ߰ϸ   ƿ 1κ    
 ,ڰ   ϰ 
 , ι
,"]""["""
,ʹ Ưʹ ı
,
ʹ,󸶴 ó ġ
ʹ, 12ǽ 
ʹ,Ұ1 ġ3 3 2 1 1 1
ʹ,ǳ Ư 10ǽ¥ 1 ʹ丸 Դ
ʹ,  ְ׷̵  Ծ  
ʹ,Ȯ ġ 
ʹ,Ư ȸ ŭؼ
ʹ,δ Ⱑ û 
ʹ,  ö
ʹ,Ư 11õư
ʹ,Ưʹ䵵 18õ 2...
,"]""["""
, ػ̰
, ߵȸ
,
ߵȸ,λ
ߵȸ, ұ  3900-&gt;4500
ߵȸ, 5500
,"]""["""
,
,
ɸ ߽, ī ڸ  
ɸ ߽, ӽ ̶ ǸŶ 
ɸ ߽,
ɸ ߽,"ɸ̶ ҹ,   Ȱ  8õ"
ɸ ߽,"ɸ   ,, .   !"
ɸ ߽,Ʈ( ߰) ֹϸ 1
ɸ ߽,"ɸ , ,    ִ ŷ ϰ"
ɸ ߽,ҹٴ    ִ ŷ 
ɸ ߽,
ɸ ߽,īɸ(ſ )   Ƽ Ծôµ
ɸ ߽,  β. ¥ β İ 쵿?
ɸ ߽,ô  ־  Ծ    Ծų  ʰ  Ȳ ϴ 
ɸ ߽, ׷  ʴ. Ŷ ?
ɸ ߽,
ɸ ߽, ϳ ƽ  ִٸ
ɸ ߽,ν  ģ ٴ ?
ɸ ߽,    µ
ɸ ߽,  Ծϱ ν  Ȯ 
ɸ ߽, ͸ ؼ   
ɸ ߽,  Ϲ ɸ  νø 
ɸ ߽,װ Ⱦϴ ̶ ȣȣ   
ɸ ߽, ν ĵ̱ ѵ ׷  δ
ɸ ߽,
ɸ ߽, µ մԵ ǰ ϳϳ õ
ɸ ߽,Ÿ (?)̶ ǰ ް  Ͻ÷ 
ɸ ߽,߿  ¡
ɸ ߽,
ɸ ߽,  ؾ 
ɸ ߽,ƽ 
,"]""["""
,
,
,ݿ㿡 ģ б ȴٰ 𰥱 ϴٰ
,÷  淡 
,
,׸ ĽŸ µ ߺ
,ٵ   ߺ 
, Ϲ ߿ Ĵ ߺ ϰ  ̾ Ѹ ϸ ҵ
,
,ص  ޺ Ʒ 
,"]""["""
ҿ,ҿ    û.... 1 10ϳ ФФФи̰..... ھƸ޸ī ʹ˴ 
,"]""["""
,
Ÿ,Ѹŭ  Դϴ..
Ÿ,"38,000"
Ÿ,
Ÿ,̼ Ծµ ó  Դ  ̸
Ÿ,ڸ   ..? ϴ Դϴ
Ÿ,        Ծϴ
Ÿ,
Ÿ,  ÷ ϰ   ϴ
Ÿ,
Ÿ,**
Ÿ,Ŀõ ƿ
,"]""["""
ҿ,ҿ  Դµ 񽺷    ũ ּ̾Ф  ö 佺Ʈ ̶ ֽô ν Ԥ   ٶϴ????
,"]""["""
ڳʽũ,  ڳʽũ
ڳʽũ,
ڳʽũ,Թڽũ+
ڳʽũ,?ũ?ûԹڽũ+
ڳʽũ,
ڳʽũ,  óε ѵ ٰ ڱ   ٿԴ  ó ǸŰʰ ̾
ڳʽũ,
ڳʽũ, ι°  ũû û   ȳµ Ÿ޴  ſ ƴ϶  ַ ½ Ѵ? ٸ ŵ鶰 Ⱥôµ ٿ   ־  ҽ ¥ ִµ
ڳʽũ,
ڳʽũ,ȫ ι Թڽũ ޴ 1000 ༭  ٰ 8500̰ ũû 9500ΰ 9000ΰ ׷!!  ٿ  ߰ ѰŶ   
ڳʽũ,
ڳʽũ,ȫ Ҷ ϸ ְ 7500~9500 ̿    ־   ٰ Ԥ ׸    Ϲ Թ Ƽ ٸ   Ⱑ ˳ϰ ־ !
ڳʽũ,
ڳʽũ,ٺ  ԰;
,"]""["""
Ȳ,Ȳ Ȥ
Ȳ,
Ȳ,ħ 11 ڸ 
Ȳ,ѻ  ȵǾִ°ŷκ ݹ̾
Ȳ,׷ å Ĺ  ϱߴµ ݹϱ ̰ 
Ȳ,
Ȳ,쵿Ʈ 6500 ״µ ϴ ܰγ γ ſ հ̶ û 
Ȳ,
Ȳ,ٵ Ծϱ  ...  ϴ ⳻?ΰ װŶ ԰ 
Ȳ,"쵿 쵿̽ ׳ ̰   ̴. Ը,,(?),    γ İ .."
Ȳ,
Ȳ, Ƣκ ٻٻϰ ߴ
Ȳ,
Ȳ,ݹ غ Ȱ  𸣰ڴµ ϴ  湮ǻ...
Ȳ,
Ȳ, θε ȥڼ   θؼ  
,"]""["""
ٵġ,60s  ﰡ ִ ٵġ Ŀ   ̿. 
,ƾ  900  1500. 
,  е δ Ͻð Ŀǵ ʹ ų ̰  ʰ ó ܲܲ ñ  . 
, ħ 鷯 ܾ 簡µ    Ϸ  ּż ǰ ħ õ ǰ !
丮 Ȳ,丮 Ȳ ( Ե ǹ  )
丮 Ȳ,
丮 Ȳ,[ ]
丮 Ȳ,
丮 Ȳ,ȳϼ      ǰڳ׿.  ı⸦ ״ غմϴ.
丮 Ȳ,
丮 Ȳ,   ְ  ̰    ƴմϴ.
丮 Ȳ,
丮 Ȳ,Ͻźе     ϰڽϴ.
丮 Ȳ,
丮 Ȳ, ְ 
丮 Ȳ,
丮 Ȳ,ڡڡڡڡ
丮 Ȳ,(̴ 3ӵ    ߽ϴ..) (4.5)
丮 Ȳ,ڡڡ(3)( ۿ ڽϴ)
丮 Ȳ,"(쵿 : , ȸ : ,  : good)"
丮 Ȳ,
丮 Ȳ,湮 ǻ :      
丮 Ȳ,
丮 Ȳ,  ٲ ̶ ϰڽϴ.
丮 Ȳ,
丮 Ȳ,ð Ƣ  ÷ ˼մϴ.
丮 Ȳ,
丮 Ȳ,б ö󰡴  ܼ  ̺Ʈ Ѵٰ Ͽ ѹ ҽϴ.
,"]""["""
,īȭ. 
,
īȭ, . Ｑ« ״µ û θ  . ĥ  ȳµ  ؼ .   ¥Ÿ ~
,"]""["""
,
,
   , ѱ׸ 4900
   , ¿ մ
   , ̵ վ
   ,ġ  ¥
   ,
   ,׸ ī佺 ѹ 
,"]""["""
,
,
,[ ]
,
 ġ,ȳϼ   ι°  ǰڳ׿.  ı⸦ ״ غմϴ.
 ġ,
 ġ,   ְ  ̰    ƴմϴ.
 ġ,
 ġ,Ͻźе     ϰڽϴ.
 ġ,
 ġ, ְ 
 ġ,
 ġ,ڡڡڡڡ
 ġ,(̴ 3ӵ  ԰ µ   ߽ϴ..)
 ġ,ڡڡڡڡ(3.5)( ݰ ϴ 𸣰ڴ )
 ġ,"(յ : , ܱ : õ)"
 ġ,
 ġ,湮 ǻ : ܱ .
 ġ,
 ġ,  5  Ǹ԰  ϴٺ...  8ù Ǿ... ͽϴ. 
 ġ,
 ġ,  ȴµ 8ù~ 9 Թ  ݰ ִ󱸿. 
 ġ,
 ġ,׷ ׳  ƹ  ؼ    ġԴϴ.
,"]""["""
,  콺ũ
,"]""["""
ǽŹ,"ģ ǽŹµ 50 ٷ ܹŸ ޾Ҵµ ó ֹҶ ġ  ش޶ߴµ ڱ 50и ô 𸣰 ġ ־ٰ Ͻôµ,  üġ ؼ  ô ε ׷ ش޶°ž ˼ϴ  Ͻð ش޷ 50 ٷȴµ"
ǽŹ,
ǽŹ,׷  ̰ Ĵϱ Ƽ ޶پ. ׷ ׷ ٽش޶ߴ ش޷  ֹ̹зִ.
ǽŹ,׷ ׳ּ 50̳ٷȴµ 9ÿ  ߴµ 
ǽŹ,ٵ   Ѵٰ ׷ 40 ٽðڳĴ°žߤ ƴ  ְ ְڴٴµ ̰Ը̵Ǵ.. űִе  Ȳؼ ּ ߴµ ڱ ᰡ ó ٽýѴ ϴϱ Ķ 丶䰡 ׷  ּ ߴµ  ׳ ̷ ϴ
ǽŹ,
ǽŹ,ᱹԱԾµ  ̷ г Ĵ ó̶ ۾. ᱹ ĳ 1ð 20 ɸ.
,"]""["""
,
,"ȭ 5,500"
,
,  ̾.
, ̰ ֱ ̶    Ը ƹ ...
,  Ŵ. ־. ٵ... ø ׷ ¥ҽ ʹ ¥  ϳ  信 ÷
,"]""["""
,ÿ  - öǺ 5500
,"]""["""
׹, ?? ?? ܾʿ?
׹, ó ־  츮  Ծ
׹, Ű 6õ  ƴµ    ̤ 
׹,ַ ׹ ε  ׳ ŵ ־  簡Ʈ Ŷ ̶ ư鼭 Դ´~ 
׹, ¥ ģ  ü(׸ ģ  հ ´.) ε  ΰ ٽ   Ѵٴ  ̿  ̾.
׹,        ٵ ѹ  ϰ~~
׹,
׹,󷯵  !!
,"]""["""
,-Ÿξ
 Ÿξ,1213ϱ Ư Ǹ
 Ÿξ,"ī̼14,000"
 Ÿξ,    ----&gt;??
,"]""["""
,
,
,[ ]
,
 ʹ,ȳϼ   ó  ı⸦ ״ غմϴ.
 ʹ,
 ʹ,   ְ  ̰    ƴմϴ. 
 ʹ,
 ʹ,Ͻźе     ϰڽϴ.
 ʹ,
 ʹ, ְ 
 ʹ,
 ʹ,ڡڡڡ١
 ʹ,(̴ 3ӵ ԰  ͽϴ.)
 ʹ,ڡڡڡڡ
 ʹ,
 ʹ,湮 ǻ : (ȥ~̸ Ѵ)
 ʹ,
 ʹ,ϴ  ʹ   ʹ Ͽ  ʹ ׽ϴ. 
 ʹ,
 ʹ,"wow  10p + 찣 2p +  1p 13,000̶   ߽ϴ."
 ʹ,
 ʹ,"̷ ó   ع̿µ  ,  (?) [ϴ  ߸... ] ߸ , ο  ....."
 ʹ,
 ʹ,̰̰... ع ... ʹ Ƽ ¥ ʹ ҽϴ. 
 ʹ,
 ʹ,׷ ʹ 밨  ~ ׷ ٷ ʹ Խϴ.
,"]""["""
,̿  
,
,ȭ ΰ ޴ ׷ ֱ淡 Ծô. ̰ õε  ȣȯ  . ¡  ְ Ҹ    ´. ſ ״µ ̳ ſ Ծʹ. н Դ õ  ġ Ȯ. ħ ԰ ôٰ νÿ  ޷°Ϳ  .   Դ ٵ  ϰ 谡  ֳ 
,
,ĥ 䵵 Ծµ 鼭 Ծ  ߱   عȴ.   Ƽ Ȯ    Ծȿ  ƴٴϸ鼭    ȭӴ. Ҹ ߴ. ûط   ¥  ؼ Ҹ̾µ   ϱ ¥ҽ 񺭸Դ° Ƿʰ.  Ծµ  ǳ
,"]""["""
ȫ,ȫ ¥ ''Դϴ...
ȫ,¥-5500...
1976,1976 ϰ??????ϴ. 
1977, ϰ ⺻ Ұ ұƽ ̴. 
1978, ¥  .. 
1979,ä Ѽٿ Ӹִ. 
1980,ȫ ̺ Ұ 1κо  ֽŴ. 
1981,ᵵ ݰ ֽŴ. 
1982,̶  .
ĽƼ,ĽƼ ʹ մ ༭ ϰ ձ Ƽ վ 
ĽƼ,߰   Ѹ  
ĽƼ,ǰ  û ϰ Ʈ  ε! ٸ     ڶ ?  Ʈ԰  ҷ
,"]""["""
,"ī  Դµ... 3  ϴ...  ٸ ̰ ִµ...  ±̶ Ƽ ׷   ⵵...  . . . . . . κе? ȭϽô   ó Դٰ Ͻñ⵵ ϰ...  ִ ̰ ũ⵵ ūźϱ ۿ  ɼ  . . . ׷ ϼ . . .  ī ̿,,,"
,"]""["""
Ĵ,Ĵ ġ 8500
Ĵ,
Ĵ,   ̾. 
Ĵ,ٵ ׳   Ŀ ġ ԰;
Ĵ,Ȥó нĿ ñ ãƺ
Ĵ,лȸ ¡?? 
Ĵ,ű㿡 ??     عƼפ 
Ĵ,
Ĵ,  ϴ   ⶧
Ĵ,Ƣܳ ĵ  ȣ Ͻ ?? ״ δ
Ĵ,
Ĵ,ư ı
Ĵ,:  ƴ  ġ  Ұ ٴ ̴. ٷ Ƣ༭ õõ Ծ ٻϱ 
Ĵ,
Ĵ,:  ϳ  ڼ  Ѽ    ſ ֱ ..
Ĵ,
Ĵ,: ̳       ָ    ѹ 
Ĵ,
Ĵ,Ư : 10  並 Ͻô  
Ĵ,BA   hot- ĵ
Ĵ,- ٲ  ö  ̷ ƴ
Ĵ,īδ ˸ŭ   ڷ ٲ..
Ĵ,ܹ ġ ٲ..
Ĵ,
Ĵ, Թ    ҽؼ
Ĵ,
Ĵ, ȥ䰭ߴ  12ÿ ؼ 30а Դµ  ִ ̺  մ ȿ ĵ п    õõ ԰ е鲲 õ帲
Ĵ,
Ĵ,ġ  ű   ٺ ٷ   
Ĵ,
Ĵ, p.s 1 ٵ  ġ ִ  ƽô  ֽϱ ġ ãƼ ġ  
Ĵ,
Ĵ,p.s 2   ġŲ ޴ 8500ִ  Ծ ı ˷ּ  ƺ̴
,"]""["""
ȸ, ȸ 
ȸ,  ִ
,"]""["""
 0411,ٽ Ȱ...
,"]""["""
,
,
 Ÿξ,T   ĮƮ  ǹ 2̴
 Ÿξ,
 Ÿξ, ֹϰϱ ?  Ұ⹫ ּ̰ ĮĮϴ 
 Ÿξ,
 Ÿξ,Դٺϱ 񽺷 ʹ ΰ 丶  ּ ϴ  ʹ ߴ   ͻ ־
,"]""["""
,
ٵġ Ŀ,Ƹ޸ī s 900 l 1500
ٵġ Ŀ,ǳ    ø...  ָӴ û Ͻð ģϽ ׸ Ŀǵ Ѱǵ   
ٵġ Ŀ,
ٵġ Ŀ,Ͽ ׹ Դٰ  ָӴϿ ֱ淡 ŷ ÷!! ̱ ó ־ ̵  öٺ   ٷ  (̱ )
,"]""["""
,ġũ ı
,
ġũ,Ư +=2900
ġũ,ġ=2900
ġũ,̶ ôµ ̰ δϱ 
ġũ, Ŷ ְ 䵵 Ķ ÷༭  
ġũ,
ġũ,
ġũ, =8900
ġũ,¥ ù Ժ öƽ  
ġũ,׷ ϱ ܸ ߺ ϰ   þôµ  ĺ  ٰ  ¥   ô    ....
ġũ,...
ġũ,......
ġũ,Ź̾.......
ġũ, ó Ծ ̾........
ġũ,.......
ġũ,¥  ȳ ε ڴ  Դٰ ģ ٳ....
,"]""["""
,  ܹ ߾
,"  ִص, ⺻   Ĵε"
,ܹ ؼ ڰٴ°
,ٸ ᵵ ̷ Ѵٴ°Ű;;
,  ֵ
,"]""["""
,ѳ!!!
ѳ,  6? ̶ Ʈ   
ѳ,  ʶ ޴   ϳ ֽ  ع?̶ ߵ
ѳ, Ź ٲµ ǰ 
ѳ,ع 嵵  ༭   ܸ
ѳ,ٵ  ſ... ع  ĮĮϰ ߵ    ſ.. װ  ʹ ְ  
ѳ,Ѵ 8000ΰ  ޴ ߰  Ա  ־!!
,"]""["""
,    Ÿ  õ µ ġ ڴ  
, 5õ 5 ȣ ġ  ̶   ~
οǰ ȫԱ,οǰ ȫ'Ա' ޽״ 踸 Ծ Ǵ  ..
,"]""["""
ʹݴ,ʹݴ  Դϴ 
ʹݴ,"վ,,  â(?)ִ õ¥ ִµ װ͵ ֱ.."
ʹݴ,  ִٴ°   񽺵 ֽð ȥϱ ٴ°!
,99s   λ ġ..?
,縮 ٤ǽ ٤Ф ü ᰡ  ʴ.  µ ¥ 5ۿ Ȱɷȴ.
, Ư ˽  ƿ ȳ淡  ;µ ̺  غǾִ ??  ȴ.(ٵ   ֽ.  ñؼ  Ծ ˾Ҵ) ˽    ־ Ҵ. ׷ ʱⰡ  ȸſε ʴ(׻ տ 2ܰ Դµ װͺ ſ)
, ¥ ̳־ֽŴ...  ׾ ´.. ޶ ϸ ֽô 𸣰ڴ٤Ф  Ⱦ
,ư ٸ   ־ ٸ  ù Ծ  Ȳ ֱ !  ׷ տ
,"]""["""
,
,
 ,   Ƿ  ģ 
 ,
 , ĽŸ  ʹ~Ĺݴ
 ,
 ,    
 ,
 , ĽŸ  ؼ  ߾Ȱµ  ־   ģδ ̴ٶ
 ,
 ,ƿ ȾҴµ Ÿ  ƽ ׷  õ
,"]""["""
ĭټҹ,ĭټҹ - ҹ 9500
,"]""["""
¥ĽŸ,ΰ  ƴ ¥ ĽŸ
¥ĽŸ,ѵ  Ƽ ø
¥ĽŸ,
¥ĽŸ,   2ȣ    ̿뿡 Ͻñ 
,
,#NAME?
,"]""["""
âκ,âκ ȫ !
âκ,
âκ,λ ǰ ˹ٻ ȫ  ȴٰ ߴµ Ϸϱ ȫ  ȵȴٰ  Ҹġô󱸿
âκ,
âκ,  ָӴ ģϼż  ¥µ п   ׿
âκ,
âκ,пе ó  ߰ ں !
,"]""["""
,
 ѳ,Ǭ ع 8000
 ѳ,
 ѳ, ̳ұ ڸ   Կ ־
 ѳ," ܼ ôµ ع ߲ϱ Ҿ ,,    丷 ¡   ־"
 ѳ,ع  ֽôµ    ع  Ѱ  .. 
 ѳ,߰  ޴ƿ ̶ Ա ־!! ΰ  Ľô  
 ѳ,
 ѳ, б⿡ ߵǴϱ ..     ̵ ּ ...
,"]""["""
̳Ĵ,̳Ĵ վ 
,"]""["""
ູܹ,   ູ ܹ
ູܹ,± ϰ 4900( 5900)
ູܹ,κ
ູܹ,
ູܹ,"ä,  ()"
ູܹ,
ູܹ,ȥ伮 
ູܹ,
ູܹ,  ϰ
ູܹ,κ Ϲ       
ູܹ,
ູܹ, Ը  ׳  ׷ ..?
ູܹ,
ູܹ, ϸ 
ູܹ,   ƴ
,"]""["""
,
,
ġũ,ī׸   ߱ʿ  峪
ġũ,ȸԾ + 3000̶ ŵصд
ġũ,Ծ ı-
,"]""["""
,
븸߽ ,븸 ũ
븸߽ ,(ߴٸ)
븸߽ ,7000
븸߽ ,
븸߽ , ñؼ ֹߴµ
븸߽ ,
븸߽ ,ϴ  ſſ 
븸߽ , ü ѵ
븸߽ ,ݾ ī  ͼ Ȳ
븸߽ ,
븸߽ ,  5000  Ұ 
븸߽ ,ʹ ΰ   
븸߽ ,
븸߽ ,ٽ Ű  ..
,"]""["""
,
ȣ,Ұ⺺
ȣ,7õ
ȣ,ݸԴ
ȣ,ε մ פ
ȣ, 
,"]""["""
,
,
ġ, ڴ  ֶ...
,"]""["""
,
߰,"*   ̼   ı,    ִٰ ϳ ׷ Ȯ   ϴ*"
߰, ɿ       ־ ģ ׷ ߰ ? ؼ 
߰,
߰,!! ϸ!! 縦!! ϳ!!
߰,
߰,   ԰ ݱ    񱸸  ȴٰ  ѱ ؼ  .  7500̾. 
߰,
߰,   ̼Ҷε
߰,   ٰ ̼ ǮԴ Ŷ ߱ߴ . 
߰,ƴ ׸  Ѻ  ִ°͵ ƴϸ鼭 ģ    ְ ( )       ϰ ֳ.
߰, ִ° ܹ
߰,
߰,":   ص ǳ  ,   ð    "
߰,
߰,":  οƮ  õ ȫ뿡 ʹ   Ծ,    Ծ  ʴ. ϴ ΰ Ծ. ż踦  ̾"
߰,
߰,:   Ծְھ  Ʊ װڴµ  .
,"]""["""
,
,
ī ,ī̶ . ο쳪   ϰ  ȵ..  ε! 
,  ۰ Ƽ    ߴµ  ִ ?? ־ ̿?? 
,     鵵 ¦ ٸ ޶ ٵ  𸣰
, ȣȣ  Ż   ־ δ   ߱ġ   
,߳ڵ ״µ . 5 
,"]""["""
,
,
ȸ, ߿    ƿԴ!!!
ȸ,  Ա Ͼ  ߿ ܿﳯ    ߲ϰ ⸧ 걹 ۼ۽丰  밡 ϰ ű⿡  â ְ  â       ¬ɸϰ ⸧   鼭 Ϸ Ƿο Ʈ 󰡹 ߶ϰ  !
ȸ,
ȸ,ġ ȫԱ ó ְ 뱹   8õ̰     Ʈ 13000̾ ü̶ ̳ ٸ   ְ    ȥ伮 ־ ȥϱ ſ  ٸ ġ ߰  ʹʹ Ƽ ɽð ٱ ܼ Ա   ø  ̿ Ű ȫ뿡 ִ°Ŷ ̶  Ȱ!
ȸ,
ȸ,λ꿡 Դ  ̶ 񱳵 ȵ   ȫ뿡 ׳  ̶  
ȸ,
ȸ,Ա ߶   оְ  츮 ģ ߶ϰ   1 1 !
,
,#NAME?
,
,±迡 ° ־ ϳ  Ẽ
 , ̰ ˻غ ˰ Ⱑ  信 β  û  ־ 
 ,ٵ  Դ°Ű ʹ   Ѱ λ  
 ,׷  ¥ ߻  Կ  絵  
,  Ÿ  Ф
,"]""["""
,
,
 Ÿξ,ī̼ 14000
 Ÿξ,
 Ÿξ,ص  ȣȣ̿  .
 Ÿξ,12 ư 뵷  ư Ⱓ ư ġ η ; .
 Ÿξ,
 Ÿξ,  ΰԴ ܵ ¥ ʹ ҷ ȸ  ԰  ... Ѽ ȸ  ؼ Ծ ȸ . ȸ  ŭ!  ȸ ̸  𸣴µ ׷ ̷ پ  ȸ ̷ Ҹ   ִٴ   . ̶  ϸ   ̶  .
 Ÿξ,
 Ÿξ,"   Ŷ  Ķ,  ġ ȫҽ  ſ ɪy ѷ  ̷ ؼ ع ! ȸ ԰ʹ! ϸ ˳    õõ!"
 Ÿξ,
 Ÿξ,׸ ٵ    ãƿԴ  ɽð մ  Դµ ġ ߴ     س Ű ȸϼ̴.    մ ..
,"]""["""
, Ѱ ߰ؼ ۿø
,?
,"]""["""
,?? ¥ (7000)
,  Ȱ/𸣴 ?
,
,¥   ٷ   ֽôµ  ?    ȭ߱   ¥? Ļϴ Ļ~
,ῡ 󼧱ſ ñ⵵ .
,
,#NAME?
,"]""["""
Ʋ꽺, Ʋ꽺  ~!!
,"]""["""
븸ī׶,   븸 ī׶...
븸ī׶, 븸 ī׶ ó̶ ڸ Ը ٽð ־µ   缭 Ծ
븸ī׶, ũ ؼ ũ ī׶   8000
븸ī׶,  :  
븸ī׶,  ˴ 븸 ī׶  ƴϰ ׳ α ӤФ   ǵø 븸 ī׶ Ŀ  ִ´ٰ ؼ Ŀ  ̷   ƴϰ..?Ф 
븸ī׶,ϴ  ڸ ũ ʹ Ƽ  ־ ⼭ 1 Ȳ
븸ī׶,߶ ô ũ ġ ....ó Ҿ ׳  ũ ̾..ٵ   ũ ʹ  ӤФп    ̷  µ..ФФФФлũ Դ 2 Ȳ..
븸ī׶,   ˴  ƴϰ ϰ ؼ 3 ȲФФФФФ
븸ī׶,
븸ī׶,ǵ  븸 ī׶ ...
븸ī׶,븸 ī׶ ƿԴٰ ¥ ʹ ߴµ ̰ Ф
,"]""["""
,
,
ʹ,ʹ ־ ٸԾ ٶ ޴ǹۿ 
ʹ,  ÿͼ&lt;&lt;&lt;ʹ
ʹ,"  ִ ͵ ʹ,"
ʹ, ģϽ.
,"]""["""
,
õ ,ȫ 8 ŷŸ  λ   þ
õ ,  󸶾ȵ  6 ϱ !
õ ,
õ ,ȫ ֺ   ؼ 
õ ,    -    
õ ,
õ , л  10% 
õ ,"ĥõΰ õ  (,) ؼ ߰"
õ ,SNS ־ ϸ ص ̰ Դ!
õ ,
õ , 
õ ,ô(ŭ)   Ը  ¾ !
õ ,  ̶  ȳ Ծ  
õ ,ٵ  ? ؼ Ҿ
õ ,  ϰ ϴϱ     Ծ
,"]""["""
,
 ҹ,Ȱ ο ԰ ɷ.
 ҹ,б ִ.
 ҹ,
 ҹ,Ʃ   öͼ ñؼ .
 ҹ, ɷ ִ ܹ!
 ҹ,
 ҹ,ֹ  ٷ ֹ濡 ؼ ɷ ֽôµ űԤ
 ҹ,ϴ ! ε巴 ҽ . ܾ.
 ҹ,
 ҹ,ɷ 150g¥ 12000
 ҹ,200g¥ 14000
 ҹ,
 ҹ," Ƣ 4000ε,    ȴ ׳ ׷... 絵 ״"
,"]""["""
,
 ζ,ָ  µ λ  ãƼ ٰ     Ŵ . ߱ !
 ζ,ä   չٿ Ŵ~~ 6000
 ζ,ٸ     ɸ ¥ ۼ ԰  ´
 ζ,ϴ ä  ģ ̴ ... 찡 ϰ µ ȿ ä ִµ ä  ϰ  ó ٴ  µ  ä ϰ µ  ־ ̤      ִ... ä    ׳ ̰  Ű ǵ ߵߵϰ      δ   Դ  ƴϾ   ־!!   Ծµ ƽ  ԰ ;
 ζ,"׸ չٿ.   Ⱦؼ   ⸸ ԰ŵ(  ,  Ұ⵵  Դ ) ϴ Ÿ   ÷ Űܼ  Ǹ   ¥  ŵ ÿ   õ ζ   Ծָ  ⸸  ϴµ ̰ ׳   ⸧ ۿͼ  Ծ ־"
 ζ,  ʹ ־µ ä    
 ζ,     ...    ȿ   
,"]""["""
ȭ,ȭ Ƽ  
ȭ, ĸ īͿ ָ  1  ش
,"]""["""
,
,
 ̻ڴ,  11000
 ̻ڴ,
 ̻ڴ, ִ.
 ̻ڴ,  ̻翩 ʿ 
 ̻ڴ,  ù̴ ϸ ְ Ա ̱⵵   񸰸 0̰
 ̻ڴ,  ¥ ߵǼ 
 ̻ڴ,
 ̻ڴ, ̶  
 ̻ڴ,  ֽô  ֽ 
 ̻ڴ,
 ̻ڴ,ư ޽þ ټ  Ⱑ Ծ
,"]""["""
Ʋ꽺,õ  Ʋֽ Ű 2500
Ʋ꽺, Ⱓ Ⱓ̶ 絥 Ÿ 
,"]""["""
Ҵī,̰ 󸶳ĸ  12000... Ҵī ġ
Ҵī,
Ҵī, ҽ  ҽ ¥ ¥⸸ ϰ Ծ ߿  
Ҵī,屹   ְ԰ ƴ϶ гڰ «...
Ҵī, ¥ Կ ſ   Ƴµ   ְ ٽ   
Ҵī,ü ݴ  ִµ  
Ҵī,
Ҵī,ٵ  ߿   ִ  ҽ
,"]""["""
,BBQ Ÿ޴ ̾ġŲ 2ܰ ı
, 3ܰ  ߰ܰ ʱ
,
,ſ   Դ ڷμ ׳ ̾
, ְ ſ
,̶  ġŲ ߿ ְ 
,   Ŀ  ణ 
,BBQ 2̳ ϴ âİݵ 
,
, 3ܰ迡 Ѵ
,"3ܰ ں  14,000̶"
,"( ٺҴ ں  8,000)"
,"]""["""
,
,
ٸ,ͻġ (4.3)
ٸ,Ҽ (4.5)
ٸ, (3.0)
ٸ,
ٸ, + ԰ ; .! ġ  ...
ٸ,Ҽ ִ    Ǯ ֽôϱ ϼ
,"]""["""
ȫ,ȫ  ν ߳. 
ȫ,¤  Դ° ؼ ǳ ذ Ծµ  Ƽ Ͽ ѹ ̻  Ծ.. 
ȫ," , (?) ̱ ͵  絵   Ƽ Ű ̱ ߴµ.. "
ȫ,  ϱ Ȯ    .  ߳    . 
ȫ, ׳  ο  ٸ    
,!!!ż !!!
ż,ٹ ʿ ִ ż   50% մϴ!!  ּФФ    Ⱦµ  ־  ϸ ȵǼ  ÷.... 
ż,ҿ  ȫ 10% ݴϴ Ե ģϽð ֹ浵  ̴µ ؿ!  մ   񽺷 ɻƢ赵 ֽ!!
, ߲ 7000
,߰   Ŀ İ   ϰ ε巯 ׸   ÿؼ   ÷Ծ ϰ ־
, ٸ ޴ó ߲    ̰    ¬© ??    İ  ϱ   θ    ¥
,  ؼ ..  Դ   ߲ ູ   8 µ ԰    ۿ  ϰ  Ա  Ĵ̾    ð
,"]""["""
, 
, Ĵ
,
Ĵ,ÿ ִ° ҹ 7000
Ĵ, ¥ 
Ĵ,
Ĵ,ġ 6000
Ĵ,⸧ ʹ Ƽ  ۿ ȳ
Ĵ,
Ĵ, ̷ õ  Ф
ù,ù Ｑ  Žñ   ¥
ù, 30....
ù,
ù, ü 
ù,      ..
ù,
ù,    
ù,  з
ù, 鵵   ??
ù,
ù, 30 ٸ鼭   °
ù, غ
ù, ΰ 
ù,ù ߺ¥
ù,
ù,¥ ϱ ѵ ־ϴ
,"]""["""
ȫ,ȫ..Ǹı
ȫ,  1029  信 ̶ ?ǽú? ִؼ ߴµ Ѵپ ٵ ְܵ   κε ..ߴ  ־ ְ ¥ θ 
ȫ,ٵ  ݰ  ԰Դµ   ܵ  ̹ ΰۿ  κδ ¥ ѹ ģ ϱ ... 
ȫ, ̷Ĥ  ...  ȰŰ
,"]""["""
,
 Ӹ Ŀ,īԽǿ Һ Ž 1ް 1 1  ؼ ٳԽϴ ( )  Һ   ũƼ  Ҿ???? 
 Ӹ Ŀ, ǳŸ?  Ǫε ̰͵ ־
 Ӹ Ŀ,"Һ 25,000 ȫ л ϸ 22,000Դϴ!"
,"]""["""
޽þ,޽þ â  õ
޽þ,ñؼ ôµ ׳ɱ׷  ȸȴ   δ㽺٤Ф
޽þ, ַ 信    ͻ ÷  ձֵ â  ܼ ñ Դٺ ؼ   
޽þ,â̶ ޴ ñ Դ õϰ װԾƴ϶  ñ!
,"]""["""
,ٸ  ı
,
ٸ, ١١١(3.5)
ٸ, 4500
ٸ,ͻġ+ ݹݱ 4500
ٸ, 4500
ٸ,
ٸ,   ͼ  ϴ 
ٸ,ϴ    ʽϴ.   Դ°  ٱ ߴµ ׷ 䰡 Ʈ 4ô Դµ ٿ ̸԰ θٴ ɻϳ׿(޶  Ծ)
ٸ,
ٸ,̶    
ٸ,ġ ִٴ   µ ͻ ġ  ϴ ñ ܼ Ѻþ
ٸ,̰ Ծ   ϳ ڽϴ..
ٸ,丸  ġ信 ͻ ° ƴ϶     ͻҽ Ѹ ̶  ޶.   
ٸ,
ٸ, 䵵 Ծôµ   ҽ ǰ̶ ׷ ŭ   󱸿.   ΰ  Űƿ
ٸ,
ٸ,/ (ʱ)  Դϴ
ٸ,
ٸ, ٴ   ? Ź ôµ ޶ ʾҾ Ϲ Ĵ Ź.
ٸ,
ٸ,湮ǻ ִµ  ٸ ޴ Ծ󱸿 ..
,"]""["""
ȫ,ȫ - Ұ⸶+߱
ȫ,
ȫ,   ׷ ߱ ߰ õε 4 
ȫ,ٵ  ԰ µ    ɸ... ߴ̶ܹ (ܸӸ ƴ ̻) Ӹ ƴѰŰ..Ȥ 𸣴 ̰ Ե    𸣰ڰؼ    ְ Ծµ  ݤФ
ī, ʿ ִ ī  θ ... ...
ī,
ī,14000
ī,â
,"]""["""
Ե,Ե ̽ ı  
Ե,
Ե,̰Ÿ  ָ âõ Ѥ
Ե,
Ե,ϴ ũ ҰŶ Ȱ
Ե,
Ե, ũ ٸŵ ٸž. ׳  ̶° ξ.   ̸ .
Ե, ̽Ÿ ߴ ģ  ѹ Ծ.
Ե,
Ե,ڴ Ե 30% Ǳ⶧ ְε   ٲ
Ե,
Ե,(ƴ)
Ե,1. T 3600
Ե,Եƿ  ϴٰ 
Ե,
Ե,"2. Ұ,  3800"
Ե,ڴ Ÿ Ⱦ ... Ʈ ϴ ־
Ե,
Ե,3. ũǹ 4800
Ե,ġƮ 5800
Ե,̰͵ 
Ե,
Ե,4. x2 5300
Ե,ġƮ 6500
Ե,̰  
Ե, ְ ԰ʹ 丶 ߰ظԾ 
Ե,
Ե,5. Ŭġ 4200
Ե,ʺ ġ 쿩 ֵ ǰ ٲ. ׷  ׳ ̽ġó .
Ե,
Ե,19 02 08()η ġ   ޴  Ǿϴ.
Ե,  ޴ Ƽ ŷ ġ  -   
Ե,  ޴ Ƽ ŷ ġ  -   
Ե,
Ե, ڴ  ̰ ȻԴ
Ե,
Ե,6. ͱԿ2  5600
Ե,ڰ Դ°߿  Ѹ޴.
Ե,Ŷ ѵ   
Ե,  ԰ ̰õ
Ե,
Ե,7. ũ 2100
Ե,Եƴ ̽ũ ̵޴  .
Ե,ũ Ĵ ְ Ĵ ־
Ե,ũũ Ծ ְ Ƣ迡 Դ° ϸ
Ե,
Ե,8. ѸŬ
Ե,̹ Ե ѸŬ ˻ϸ ڼ
Ե,ġŲʰ 5 1000 + 䰨   200.
Ե, ġŲʰ 1  1
Ե,
Ե,ex) ġŲʰ 2 + Ͼ1 + ġ1
Ե,
Ե, ⿡ ־εǰ ٲ㵵Ǳ 
Ե,
Ե,... ġŲ̶ ȣȯ ȱϴµ ݵ ȣȯ̶󤻤
Ե,
Ե,9.  Ÿ... ź R L 1ȸ ʰϰ.. īͿ ֹҶ ߸ϸ Ÿ θְ...
Ե,
Ե, ñѰ ?
,"]""["""
տ,տ  Ѥ
տ,
տ,տ  ǳ ٰ ܼ ɸ Ŀ бտ ٸ   ڴ  ް Ȱŵ?
տ,   Դµ ù  ڸ  Ӹī °ž. Ե ȸ.
տ,
տ, ҷ Ӹī Դٰ ϴϱ  ϰ ٲ帮ڴٸ鼭  ߰ŵ. ٵ   ߱ ܸ  ̰ մԵ Ӹī ƴϳİ ׷°ž ư  󹹶 ϴµ ᱹ ٲشٰ ϰ   ٽ .  ̾ϴ   .
տ,
տ,׸ ģ Ḧ ٽ µ 츮 ￡ ؼ ٺϱ  Ҵź   ž. 츮 Ѱ ġ ΰ 13500  ŵ. ٵ ٽ    纸ϱ 14000 ġ Ծ. 
տ, ص帮ڴٰ ϴµ Ʊ  ܸ ٽÿͼ
տ,"ʹ  Ҵ~ ġ  ϸ 16000 ġ"""""""""
տ,̷鼭   ִ°ž
տ,
տ,"ٵ 츮 ٽ ; ͵ ƴϰ,   ؼ Ӹī ͼ  ġ ٽ  ð  غ 츰.."
տ,¥  ڰ ϴ  ٽ ȿ ¥  õ̳ 
տ,
տ,3ٿ
տ,
տ, Ӹī 
տ,.  鼭 ٽ   ׷.
տ,  Դٰ տ  
տ,
տ, 츮 ߸;
,"]""["""
Ÿ,Ÿ ҹ 9õ
Ÿ,ĭټҹٺ մٰؼ ãư 
Ÿ, 500ϰ 
Ÿ, ڸ ϰ Ѹ ĭټҹٿ ϰ ſ ̵ ̾ ̶  ¦  ѷ  ٸ԰ 
Ÿ, 񺭸 Ͽư ־ 
Ÿ, ڸ ϰ ð ұĢϴٴ° ̤ νŸ Ȯϰ ° 
,"]""["""
ɾ,ȫ  ɾ
ɾ,׳   粿ġ ó Դ ģ Դ
ɾ, 粿ġ    ȸԴµ ߳ ġ ־ û Ծ
ɾ,鵵  Ű ε װ͵ 
ɾ,׳  ̾ 粿ġ   õ
ɾ,  ȳµ  õ 
ɾ,ָ԰ ϴ δ  ߹ݴ 
,"]""["""
,
 ó ֹ,ῡ ġ ʹ ܼ    ٰ 쿬  
 ó ֹ,ϴ ġ  ־
 ó ֹ,ó Ű丮 8~10ǽ 23900
 ó ֹ,ġ       Ŷ ־
 ó ֹ, ɰ 
 ó ֹ, ƴ϶       ߻ ̰ ִµ ¥ ʹ־ ̰   
 ó ֹ, ġ  Դ Ÿ̶ ִ    Ųǵ ̰  ٽ   
 ó ֹ,  
,"]""["""
,
 34th?  , ĥ  ż ϵ ãư ǵ
 34th?  ,ǰ ־
 35th?  ,  ٰƮ ĽŸ ǵ ȿ ĽŸ
 36th?  ,ϴ  ǻ?  ִ. 1 ˸ø ȣ ǻ ä 
 37th?  ,2 ũ  ǻ
 38th?  ,ҽ ϰ    Ƽ 
 39th?  ,絵   ۰ µ  ϸ  ȶҸ (װź )
 40th?  ,ũ Ծôµ ũ ׳ ׷  ε巴   ʾƼ  
 41th?  ,㿡 ̶ Ծ ;
 42th?  , ũ  ȵƳ? ĽŸ 뿴    
,"]""["""
ù,ù  ִٰ ؼ ԰ Դµ...ִ..
ù,¥ ִµ ¥ ¦ ҹѵ ߰ ؼ  ݵ 7õ ̰ ȥҼ ְ ڸ ..
ù, Ƶ  ݴϴ. ؿ   ´ؼ   ÷ϴ!!
ȸ,ȸ- (7000)
ȸ,ϴ Դ ̶ ̾Ȥгʹ ļ  ڸ   Ʒ   ôµ  ٽ ȰŰ; 
ȸ,ֹߴµ ƹ ٷ ȳ ڸ ġ ñ淡 ô ֹ ̴   ̶ Ÿ ̴µ  Ҽ   ľ־.. 
ȸ,  ù  Ծµ   ȳ..Ф ֹ  ̾ؼ ׷    ҴŰ. 
ȸ,߿ Ҷ  ϱ ȥ ɾ־  ٸ ˾Ҵٰ ˹ٰ  ٰ Ͻô. ˹ٺ  ι ǹ ̴µ ??..
ȸ,ư   ̶ ں  ִµ  ̵ ο.. ׳  ߿ ߲    ߴµ Ѱ ۿ פ
,Ҵī ١١١١
,
Ҵī,Ÿ ı  Ƚī ִٴ  Ƽ (Ƚī ) ߰ ī ֹؼ Ծµ  Ƚī ո þ ɸŭ ʹ ε巯 ź ϸ鼭 Ծ
Ҵī,
Ҵī, Ƚɺٴ ź־  ɺ Ƚ   ִ
Ҵī,
Ҵī,ø   ׸  ø̰ ܿ￡ Ǹε  Ը  屹  ̰ſ ƽ ׷ 䵵 ޶ ϸ  ֽð   ü  ְ ߾ 湮 ǻ簡 ִ ŭ  ̾  Ȱ п ѹ  ھ!
,"]""["""
,
,
ʹ,   ð  · 
ʹ,ƹ ̳    ϰ ٰ
ʹ, Դ  ʹ     ߽ϴ.
ʹ,
ʹ,⺻  ģϽð 
ʹ,   ϴ.
ʹ,ȫ ֺ  
ʹ,ʹ  ߿   ְ Ծ.
ʹ,񽺷    ʹ䵵 ־.
ʹ, 
ʹ,
ʹ,ٸ ȥڼ   
ʹ,    
ʹ,쵿 ʹ Ƽ  
ʹ,ó  ־µ     ޾Ҵ 
ʹ, ƽϴ 
ʹ,
ʹ,⺻ ʹ  1 մϴ.
,"]""["""
,
,
м,meshit...ڰ...׾ Ḧ ϴ......   ĿԴϴ...~~^^
м,
м,ī...meshit....Ž..   ȴ....
м,ĿǸ ... ȿ...̿..Դϴ^^
м,
м,meshit絵.......پϰְ..
м,Ŀǵִ°Ͱ...ڵְ..ֽϴ...
м,
м,ٸ..½ð Ÿ ī亸 ݰɸ.. Ͻð...
м,ġ..츦 Ĵ..  ֽϴ..
м,.. ֿҰͰϴ^^
м,ī̺  ̷ϴ..
м,ġ....Beamó...ü ϳ׿...
м,
м, and l also meshit 
,"]""["""
,
,
, ߰ Ѹ
, δ 14500̰ ߰  ε ұ   3 ġŲ 2  ϴ  ̶ ־   ְ δ 5õ  Ѹ̶ ִ ν ſ  .. 
,⵵ ⳻  ϳ ȳ ſ ־ ġŲ̶ ߽?  ־  ̱  Ȱǵ鿩  𸣰
,"޴ ̶  ұݱ̰  ־   ϸ 19500  ׵鳢, ģ鳢  +  ذϱ ſ ε"
,"]""["""
,Դ ߰ ϴ ˼մϴ... ѹļ  ФФ  ó ̰ Ұâ̿!  8500̾ ޾  ν־ 
,信 â û ұ  ʹµ 迡 ϰ ԰ ӽϴ. ̶ ߿ ޴µ â Ա; ̰ŸԾ   ȿø޴µ   ʹ ؼ ڶϰ; ÷! Դ  Fϴ...
,"]""["""
Ĵ,   Ĵ
Ĵ,ġ 6000
Ĵ, 7000
Ĵ, Ķ ֽð ̴... ϱ? 𸣰ڴ ƹư ̵ ־   !  ...... 湮 ǻ O
,"]""["""
,?The Liter   ?
,
,ü̱     ø
,
,????????
, Ծµ  4ó̾  1Ϳ.  ޴  翡  ҸѰ ãٰ ݿũ  淡 ô..(  ڴ) 
,
,ģ??????????
, ʹ ģϽô..ó    ʹ ϰ ־µ  ޴ õֽŴ. ׸ ޴ ΰ ߿ ϴ ϳ ϴϱ  ̰ ?     ź~ ̷ ģ ֽô. 
,
,????????
, ްġ. ׳ 츮 ƴ  󶼸̴.
,
,????????
, ڱ淡 ȫԿ ø!! 翡   ʹ ....  ﵵ 4õε ̾....! ٵ  ɸ԰   õ !!!
,
,ġ??????????
,ġ  ÷.. ȫӻ̶ ٵ  ?
,
,??
, ۻ
,"]""["""
ȫ ,ȫ  ︲ ұ 
ȫ ,
ȫ ,Ÿ    Դµ ʹ ־...
ȫ ,ݶ ؼ  25400 ̿   Ծµ  ܼ ߾. 
ȫ ,
ȫ , ¥ ó Ẹµ մ 1ð 30  ۿ  ФФФ  ʾ ϴ   ϴ...
ȫ ,"]""["""
ȫ ,ȫ 7   2   &lt;õŰ&gt;
ȫ ,
ȫ ,  濡 ڱ  ԰ ; ȫ ֺ  ˾ƺôµ   ֱ淡 ѹ  
ȫ , ־ִ  ε ȫ       ڴ ʹ (귣ſȣ)
ȫ ,
ȫ ,Ű(6500)  
ȫ ,Ʈ Ƽ Ʈ(9500) Ŵ
ȫ ,  3ְ Ϸ    ־
ȫ ,
ȫ ,Į Ƽ ɫ   Ǳ 
ȫ , ΰ Ʈ ׸ ٸ Ư߱ 
ȫ , ٸٺϱ ǹ ֹ  
ȫ ,
ȫ ,  ִܶµ  ¥ ε巴 ?ؼ
ȫ ,ó Ծ İ̾ ȣ? ̷鼭 
ȫ ,Ƣ ׳ɱ׷µ  İ Ưϰ ־ 湮 ǻ
,"]""["""
̼ո, ̼ոο  Ծµ     ͼ    µ ̰ ܹ ƴѰ?  ƹ  Դ ܹ...... 
̼ո,   ԰ μ ǪǪ ʾҾ.
,
,
ν ,귣ܹ ó ȫ̶ 
ν ,  ȭ ְ   Ͼ
ν ,ϴ ޴   ֹϴµ ð  ɷ ڸ ݹݹ ּż ڴ ݹ 
ν ,̼ 2 װ ԸŸ ȷ(11.9) Ľ˷(15.9) Ŵ
ν ,  ڴ 6900̾
ν ,¸ ڶ  û  ʾҰ Ľ˷ڿ ִ ä(޴ϱ ̶ Ǿ) ణ ¥ ݶ  ¸(?)̾
ν , ׸ ԸŸ ȷ ڴ ġ ̾????
,"]""["""
,[ ĥ]
 ĥ,ǳ  ĽŸ ȴٸ  !!! 
 ĥ, Ծ ޷ĽŸ   !! ޷ ĽŸ  ФФФФ 
 ĥ, ̹⵵ ʿ δ̴   ũ Ծµ  ̶  ȰҾ!! ϰ !! 
 ĥ,  ణ §̶ ޷ ĽŸ ϱ Ҿ  
 ĥ,ƯѰ ܿ    
 ĥ,⵵   !! 
 ĥ, Ʈ ڽ ãø   
ʹ,ʹ(̺ Ÿ ) ι° 湮 ı
ʹ,
ʹ, ҿ ʹ  Դ»̶  淡 !
ʹ,
ʹ,ù° 湮 Բ 츮 ùմ̾ٸ鼭 ϴٱ  ʰڴٰ ϼ̴µ ι° ȥϷ ϱ ˾ƺֽð  ʹ 1pcs ּż ޾Ҵ..( ģϽ)
ʹ,
ʹ,ٸ 13000 10ǽִµ  10ǽ + ʹ̶ ʹ+(쵿) ༭ !  찡 ־ ٸԾ̸ Ľķ Ȳ? 
ʹ,
ʹ,  Ը ִµ û ִ!! ⺸ ϰ ִ! ? ׷ 񽺶 üθ鿡  Ҿ
ʹ,
ʹ,  ö Բ û ڰ ݰֽôµ  δ㽺鼭 ..ٵ  ..   ٷ  Ÿ̶ ׷ ι 湮    ..
,"]""["""
ƿ,ƿ پ ÷޶ؼ ø
,"]""["""
,
,
 ȫ, ɸƶؼ ȫ ɸη 
 ȫ, ãٰ ˰ԵȰ
 ȫ,ǰ   ? ̾
 ȫ,ɸ ܿ  Ⱓ  ٸ
 ȫ,ܿ ź̶ Ÿ  ִٰؼ
 ȫ, ߴµ  ϰ վ̤
 ȫ,
 ȫ,⸷ɸ ޴ϴ ߵ
 ȫ, ɸ 涧  ????
,"]""["""
ƿ,ƿ Ǹı
ƿ,
ƿ, ƿ µ  ʹ پ...
ƿ,   ߴµ  ؼ     ƴѵ
ƿ,׸ µ Ÿ ġŲ ξ ɸ  ֹѰ ȳ־  ٸ...
,"]""["""
,.. ʱ..  °.. ٵ  ߿µ ߲ ѱ׸ ?
,"]""["""
,  ȫ Ƽ ִ ĽŸ ߰ 
,ݴ   ε 
,޴Ű ̶  ִ 
,̰  ߰ϰ .. ..
,
, ĽŸ  ƴ  ϸ
,        ° õ 
,
,  ߴ  ̺Ʈ ϴ 
,Ѹ  24   ¥ ٰ
,
,ڸ ̶ 2 ° Ұ 
,4 ̻ ̸ ȭ ش޶ ϴ°  
,
,湮ǻ   
,"]""["""
ʹ,ʹ ī
ʹ,ʹ ʹ Ծ..
ʹ,° ƴϾµ ִ°͵ ƴϰ
ʹ,ҽ  Ǽҽ
ʹ,ѱ⵷ҽ.. Ʈ Ĵ°..
ʹ,  9000.. 
ʹ, ִ  弼 ߿ ó ǵ 
ʹ,ſ  ɷ ڸ İ
ʹ,  帮 ٽ þ
ʹ,ؼ  
,"]""["""
ۼ,ۼ  µ ī Ӵϴ̤
īҿ,ȫ  īҿ ƺīĿ . ÷ ȼԾ û̾ ̰Թ??̷µ ϱ ƿ
īҿ, ʱ ~̷Ǿƴѵ ٸ̾
īҿ,÷ ĿǸ  ƺī .
īҿ,Ե ʹ ģϽ
īҿ,ѹ Ծõ!!
,"]""["""
, ߺ??
,
ߺ,Ÿ .. ϴٰ  ±濡 ߰ؼ ٷ Ծþ.
ߺ,
ߺ,ƮA Ѽ ߺ()+߶Ƣ+ ؼ 33000ε  28000 Խϴ!
ߺ,
ߺ, /   ֱ ſ Ѹ//ſ   ֽϴ~
ߺ,
ߺ,  Ŷ麸 ʴٰ ؼ ״µ  ȸſ~ 簡  ׷:)
ߺ,
ߺ,   Ƣǵ   ?
ߺ,
ߺ,¥ 2-3κ̶ ߴµ   ԰ θ   ִ Ͱƿ!
ߺ,
ߺ, ʱ ̰  ǰ ô󱸿~ ̰   ? ׷ е  ģϼż   ԰Խϴ!
,"]""["""
,
  Į,Į 1κ 9.5 
  Į, 2.0
  Į,
  Į, Į   ܴ ģ и
  Į,ʹ   
  Į,    2 ⺻ 񽺷 ̴ּµ  𸣰ڴ  ׷ǰ..? ƹư   ִϱ ٵ  ...
,"]""["""
,
,
 ϻ,"ȸ ǰ 9,000"
 ϻ," ǰ 11,000"
 ϻ,
 ϻ,"4μ  , 2μ  ,  ̺ 6   !"
 ϻ,1ÿ µ տ 6׸   ϴµ 30 ٸ ϼż ٸ
 ϻ,
 ϻ,׷ 𸣰  ȥ  ϼż ɸµ
 ϻ,
 ϻ,ٿ ɾƼ ô°  鼭 ٷ ׷ Ƚɽ
 ϻ,
 ϻ, µ Ｎ  ̸   ȸ ߶ ־ּż żغ
 ϻ,
 ϻ,  Ծµ ȸ ߰ ־ Ұ  ־
 ϻ,",,,,  ȸ ؼ ᰡ   ־  ȸ ٵ ȸ ?   ޾Ҵ"
 ϻ,
 ϻ,ȸ信 ̶ ȸ   ־ ־
 ϻ,
 ϻ,  İ ǰ Ưؼ ó 信  ÷  
 ϻ,
 ϻ,湮 ǻ 
,"]""["""
ȣ, ȣ ̾߳ ε ƹ   ϸ ȵǴϱ ٵ Ծ ض
,"]""["""
, Ź ı
,
ǽŹ,Ÿ  ٳԾ
ǽŹ,¥ 1 ǹ1 ũũ1 ֽ1 Ƣ1 Ѽ  23900 
ǽŹ,
ǽŹ,µ 2 ־ Դ߿ 1  Ծ(4)
ǽŹ,ٵ ׺е ϱ ϴµ л ⸦ ϴ ׷ غϱ л  ִ  Ƽ  ԰ Բ Ȥ л  ǳİ ôµ 
ǽŹ,
ǽŹ,:' ȫ̼?' 
ǽŹ, ģ:' л 帱?'
ǽŹ,:' ̾. ̸ ϼž ߴµ.  ø ּ.'
ǽŹ,:'  ٰ?'
ǽŹ,:' Ͻ  Ͻ.. ۿ ٿµ'
ǽŹ, Ͻô... ó   ؼ  ٴ° ¥  ó Ÿ ı ϱ е  ʾҴµ ٽ   ؼ ̴ּٳפ   ԰ µ..  ٺ    ִµ  Ͻôϱ  Ȳ ̾. ٽ   شٰ ϴ ͵  ϴ°ǵ ǰ νɾ  Ͻô ͵ ذ ȵ
ǽŹ,
ǽŹ,.. ư   ׷ ٸ԰   ϴ
ǽŹ,  ʾҾ 絵    θ(ڱ) ٵ Ƣ ҽ  ŻƴϿ.        ֱ ѵ  ٽ Ȱ  
ǽŹ,׸ ϽǶ 丮ϴ 尩 ׳ ī ô͵  ׷
ǽŹ, Ź ٰؼ 
ǽŹ, ôµ  Ծ (6.8) (9.9) Ʈ
ǽŹ,Ŵ  ſϱ  Դ  õ.. Ŵ ִµ!   !  Ⱑ   ư ׷
ǽŹ,ݸԾ   Ǵٰ ϳ..? (1.5) ׳.. ݶ  Ĵ翡  Ĵ   ó.. ư 񽺷 ؽ ֽ
,"]""["""
ÿͼ,ÿͼ  ȸ 10000
ÿͼ,
ÿͼ,ֱٿ  ־  µ
ÿͼ,
ÿͼ,ҽϴ!
ÿͼ,
ÿͼ,  Ǹ ۷ Կ
,"]""["""
ܽδ, ִ ܽ δ
ܽδ,
ܽδ,ֵ̹?? δ 10 ؼ 7200 ԰Ծ
,"]""["""
ǽŹ,ƴ ϰ ͼ  Ź
ǽŹ, ģ ٰ 1ð   ϰ ѹ ٽ   µ   Ѹ  Ȳߴ??
ǽŹ,
ǽŹ,   νϽð ޴  ̰ ֺ  ޴ ߰ϽŴٰ ϼ̴! ó ʺ ð  ɸ̴ٰ ϴµ    30и ٸ ɸŭ õǼ̴ٰ ϼ̴
ǽŹ,
ǽŹ,ȫ 𸣰 ־µ  ð ̹  ߴµ ϰ   ٽ ̴ּ٤̤̤ Ⱓ  ΰ ̰⵵ ϰ  ڴ.. 
ǽŹ,
ǽŹ,ġƽ 񽺷 ֽð  ϳϳ  ģϼ̴+  ۰ ~ġ ⺻ 5.8 Ͽ̾ 8.8̸ ݵ  ~
ǽŹ,
ǽŹ, ϱ ϱⰰ ѵ ǳ ⸸ϰ  ó ׷....   ־!  ϰ Ƽ  մϴ!
,"]""["""
,
ȫ ڳʽũ,޴ -  ܹ?
ȫ ڳʽũ, - 9500
ȫ ڳʽũ,
ȫ ڳʽũ,.... ...   δ ʹ    2 ԰     Դٰ 䵵 Ը԰ ⸸ ԰ .....
ȫ ڳʽũ,...ʹ...־.....
ȫ ڳʽũ,̶ ҽ ẰѰ и  ︮ 
ȫ ڳʽũ, ¥ ĽŸ ....
,"]""["""
,
 Ʈ ް,˰  ε ϶ ŭ ֱ⶧ ø 7/10  ° Ⱑ÷ε
 Ʈ ް,
 Ʈ ް,ĽŸ 15000~20000 
 Ʈ ް,Ѿ¼¼ MER  ػ깰ĽŸ ִ.̹ȸ
 Ʈ ް,Ѻ x
 Ʈ ް,ָ 극ũŸx
 Ʈ ް,Ѵʰ § ϴ ĵ̶ 
 Ʈ ް,ѿ  俷̿µ  Ŀ´Ƽ ִ  Ʈ (?)  ﰣ
 Ʈ ް,ѹ پ˾Ҵµ ¥־   
 Ʈ ް,ũİƼ ζǻ 극 ε
 Ʈ ް,ѻ ϰ־  Ƽ ſ
 Ʈ ް,
 Ʈ ް,Ѻ7.0/10
,"]""["""
,| 쵿|
,
 쵿,޴:  Ű 쵿
 쵿,": 8,000"
 쵿,
 쵿,鼺   Ÿ  ~
 쵿,  쵿 ˷ٰž
 쵿, ϰ     ͡
,"]""["""
, ??۸ũ??
 ۸ũ,ϴ ǰ԰ ڱ  ٶ
 ۸ũ, Ű ˻ϴ ߰ Դϴ??
 ۸ũ,
 ۸ũ,Ŀǳ ٸ    ַ ޴ ø  ̽ũ ũ!  / ó  ֽϴ.  ԰   ̽ũ ó ũ ֹغҾ.
 ۸ũ,
 ۸ũ,"α ı ߿  ̽ũ ø Ÿ԰  ̶ Ⱑ ־µ,   ǥ̾!   Ծ        ־ϴ."
 ۸ũ,
 ۸ũ,"      ٷ ó ũ ε, ...  ԰  ޴, ó  !! ϰ 췯 Դϴ.   Ⱦϴ е    ְ, ó ϴ ̶ Ƹ   Ͻ  ſ.  ó ׸ ϴ  ƴϰ, 谡 ҷ    ̾   Ȧ ϴ..."
 ۸ũ,
 ۸ũ,"  ؼ Ź ø ϴٰ,  ԰  ߵǾ ϴ   ÷!    ־ ټ   ó   ڽ  ͵ õ!??  ٸ ۵ ڽϴ??"
,"]""["""
,Ƽ󿡼 ȫ 4900 
,"]""["""
Ƭ, ĬϹ Ƭ ʽÿ
Ƭ, ȵȴ ѹ
Ƭ,  ˰  ø ߰
Ƭ,ѵ Ǵµ 16000() 2ð
Ƭ,ȫ öٵ ôµ Ⱑ ξ 
Ƭ,б  ϴ λȯ곯 νð Ÿ   ִ 
Ƭ, ģ鵵  
Ƭ, Ƭ 
,"]""["""
,
ȫ ̵, ʹִٰ ûõؼôµ
ȫ ̵,  ٸ 
ȫ ̵,ҰϷ纸 ξ ְ 븸బ  ̰ ̶ 
ȫ ̵,߱ Ȱ..
ȫ ̵,񽺵 ģϰ ϰ
ȫ ̵,  1ȸ
ȫ ̵,ġ  ϱ ٽ  
ȫ ̵,ο 22900
,"]""["""
, ƴٴϴٰ Ǻ ãư !
,ɿ 10000 ݴ ĽŸ Ǵٰ  ־ þ :-)
,"޴   ־ ž , 湮ǻ ֽϴ"
,˸ø Ծµ ణ ¥ѵ ׷ ־ Ͻ ׿  δ ׸  .. ī?  ع ĽŸ?  پ ޴ ִ°Ͱ ĽŸ ð ѹ !  ˸ø 8900̾ϴ.
,"]""["""
ġ,ġ...   ġ پ..?
ġ,  ٽ ༭ ߲ ٻߴ
ġ,Ѥ... Ų̳ ߰ڴ
ġ,4300 ũġȦ
,"]""["""
ôٸ,ôٸ 
ôٸ,
ôٸ,߱+߱+߱⸧+ҽ  õ  ޾ƶ
ôٸ, ҽ    λ Ϻ ߾
ôٸ,¥ ĥ  ¥   ҽ ؼ Ծ  ĥ  ħ
ôٸ,ȫ ߿ ҽڳ ִ° ôٹۿ?  ¥ ־  Ȯ ٸ  ǳ  ҽ ϱ
,"]""["""
,
,
ȫͼ,    ٺ  Դ ڸ yy
ȫͼ,
ȫͼ,*޴ :  6õ / κ  6õ5
ȫͼ,"*ġ : ȫ ö󰡴  , ð ǳ 2"
ȫͼ,"* : ,   , ȥ ,  ޶ ϸ  ֽô  (䵵 ֽ)"
ȫͼ,"* : ԰ ,  ܰ ¥ ,  ɸ"
ȫͼ,* : 3.5/5
ȫͼ,
ȫͼ,&gt; ڸ ſ ..  ΰ  ó µ (ʤ)    ģ  ޶پ ɾƼ Ծµ     ڳʿ     ġԵ. ׿߿ () 츮    ¥ð... 츮   ״       ƽƽѰ ȰҴµ ̤ ᱹ Ȯ ܼ پɾƼ ġ鼭 . () ٻ ð   ٳż ()̶ Ű ̽. Բ α⸸ 20  Į ϽŴٴ TMI   ־.
ȫͼ,
ȫͼ,"&gt; 12 15  ؼ 12 30  Ѿ . ֹ  ֽô  ƴ϶ ~   ԰ڰŴ ϰ  ڸ ֽô . п ð뿡 ( ̱ )    츮 6   ޾Ҵ.. 1,2 ̱ ѵ   ͼ  ̶  Ű澲."
ȫͼ,
ȫͼ,"&gt;   ,  . Ե鲲 ī  ۴ ָ   ٷ Ḧ    Ŵ. 26Ⱓ  ڸ ϼ̴ٴµ װġ δ  ."
ȫͼ,
ȫͼ,"&gt; ȣ, , ,   , ׸ ణ κΰ   ⺻ ִ . ߿    Ա  . κ  Ű κθ â  ־ֽô ɱ..   ϼż κ   ..? ǴⰡ ׳ 񿡵   ."
,"]""["""
,
ģ,Ʊڱ  ĬϹ. ½̰  Ǿ־ ¥ ģ  °Ͱ  ⿴. 
ģ,ģ Ͽ Դµ ͵ͼ Ĭ ϳ Ű ϰ ٰ. 
ģ,Ƣ ġ ״µ Ƣ  Ǫߴ.  ִ ġ  ĥġε ̺  ϱ . 
ģ,  Ĭ ̵. Ĭϵ ̻ õ!
ݺĴ,Ÿãư ݺĴ
ݺĴ,Ԟj 
ݺĴ, û  ƴѵ  ʹ ߾
ݺĴ, ֹ ûؼ 
ݺĴ,湮ǻ ۼƮ~~
,"]""["""
Ʋ꽺,ȫ Ʋ꽺
Ʋ꽺,θ 
Ʋ꽺,ðָҶ  Ÿκ
Ʋ꽺, Ű ʹ ִ Ф
Ʋ꽺, żϰ
Ʋ꽺, Ф
,"]""["""
ȫƮ, а ȫƮ н  4200
ȫƮ,⿡ ε 꽺 ־
ȫƮ,
ȫƮ, ޽Ŀ Ҹ ϴ Ը̶  ְ  Ծ
ȫƮ,
ȫƮ,۳  µ б ѵ Ƽ Ȱٰ 
ȫƮ,ü ٲ  ó ôµ ׳  ޽ε
ȫƮ,
ȫƮ,     ޽ ε  ޽δ  ȳԴͰƼ ű߰  ִ  ̾ Ҵ
ȫƮ,
ȫƮ,ʺƴϴ ҽ  õ ޽ ̾ ġ䵵  ׳ 뷮̾
ȫƮ,
ȫƮ,ıĴºе ִºе  ģϼż 
ȫƮ,
ȫƮ, ֺ Ĵ   ö µ μ 
ȫƮ,
ȫƮ,湮ǻ 
,"]""["""
,Ʒ Ĵ â öͼ
,
,ָ̹ Ծ ޽þ â䵵  ÷
,
޽þ,ϴ Ĵ纸 õ ΰ
޽þ,
޽þ,䵵   ִµ
޽þ,
޽þ,â   
޽þ,
޽þ,׸ ̰     ƺ
,"]""["""
ī,ī  - ī(տ  )
ī,
ī," ڱ ҽ  ,      Ʈ ¿  Բ θ ϴ ģ    ȫ븦 . "
ī,
ī,"â  ̾߱ϸ Ը ãư , 츮 ī ޴ ִ ʸ ߰ߴ. ణ  Ÿִ ſ    츮  ϴٰ ָ غϰ ī Ա ߴ.  ̾."
ī,
ī,"2 ö ټ   ٸ ԰ Դ. ణ ҾȰ   츮 ڸ Ұ, ޴  ߴ.  ȿ 츮 ̺ Ŀ,  ̾. (Ƹ ̶  Ը Ƣ ߴ 𸥴.)   ޴ ,  µ  ϳ . Ȧ ( ֹ̱⵵ ߴ) ۸    Ŀ ̺ 츮 ֹ 󷹹 ޾Ҵ.    . ƴ   ȵǺ̴ ȫ Ѻ ԰   ھ,  īε. ϸ Ÿ Խ  ˻ ߴ. ٽ ԰  ī. "
ī,
ī,"츮,  ޴ ƹ ߸   .  ӻ̱  ̹ ֹ   ٷ߸ ߴ.  츮 ī д ؾߴ. ֳİ?  ϱ. ģ  ϰ ̰ Ĵ翡 ;   ٰ ´."
ī,
ī,"   α л ý򰡴     ٸµ,  ̺ Ļ簡 25и Դ.  츮 ͵  .  ڱ ϰ ִµ, ֹ濡 ä Ƣ  Ҹ ȴ. ׷κ 10  ڿ 츮 ī ̺ 絵ߴ."
ī,
ī,  Ծô  ϸ Ŷϰ ָ.  ϸ  ޾Ҵ. Ʈ̵  Ǽ ĥ ī׸   Ʊ     Ⱦ   ָ ı⸦  η зԴ.
ī,
ī," Ų  ī. 󿡳.    ɰ   ŭϰ  ޽   ⸦     ߴ.  Ծô. ֹϰ ϴ. ̰ ī  ̾. εεŸ ī  ϴ κ  ϳ ݸ .  ī⹰  äġ. ̰ ƴ϶   , ڴʰ    . 츮      ̰ź ϰ   . ? .   ϰ  ʴ. Ʊ Ĵ   ȸߴ. ׷   α׷ ۰ ϴ ̶  . "
ī,
ī, г븦  ϰ . Ⱑ   ؿ.  ϰ ;   ׷ ǵ ȸ οϴ  ð   ģ   ״ ٸ  ڰ ߴ. ᱹ  â Ծ.
ī,
ī," 12,000.   ִٸ нİ ĿǸ ѹ   ִ ̴. Ȥ    ġ ϰų, ˰ ִ  ִ Ļ縦 ϴ   ̴.  츮ó ߸   ʱ ٶ.   ʴ ī ׸ٴ  ī Ȥ ӾƼ ȵȴ. ε ִ Ļ縦 ϱ ٶ."
,"]""["""
̺ҵ,̺ҵ     ˰Եʤ
,"]""["""
,|ī ȫ뺻|
,
ī ȫ뺻,޴: Ұ ī (|200g)
ī ȫ뺻,": 17,000 "
ī ȫ뺻,
ī ȫ뺻, Me ~ ؿ ī    .
ī ȫ뺻,̹ ٸ ī 'ī'  ҰҰ.
ī ȫ뺻,ռ ٷ ī ؼ ˷ٰž!
ī ȫ뺻,
ī ȫ뺻, 
ī ȫ뺻,E-ñ Ͻĸ ÷ Me  .
ī ȫ뺻,δ پ ޴ bring  ̴ ء
,"]""["""
,
«,Ѹȣȭ
«,ѿ⼭ «Ծǳ  
«,Ѿ縹  ݰ
«,24ð
«,« ػ깰      .
«,¥ Դ¸
«,Ѱݳ
«,ģ
«,Ѻ5.5/10
,"]""["""
,
Ĵ,â õ
Ĵ,
Ĵ,뿩ڱ   ϰ
Ĵ,ִ°Ű ߸𸣰
Ĵ, â ֶ Ӱž
,"]""["""
򽼺δ,򽼺δ  Ʈ޴    ߿  δ뺺? ̶° ֱ淡 Ѻþ
򽼺δ,2αΰŰ 20000 ¥δ뺺 ĵ ϳ   Դ
򽼺δ,
򽼺δ,ó  Դµ ޴ ׸  ο
򽼺δ, ׳ ׷ 㿡 ׳ δ Ծ
,"]""["""
뱹,뱹 ı
뱹,
뱹,"  öͼ ôµ, 7000 ִ!"
뱹,"ϴ ̽, Ⱑ  ִ"
뱹,"2, ִ¼2"
뱹,
뱹,δ ̳ ȸ 
뱹,( ÷ֽ  մϴ~ )
,"]""["""
ſ 屹,
ſ 屹, Ծ ־ õ!!
ſ 屹,ݵ ؿ~
,"]""["""
,
Ʈֶ,޹ ÿͼ  
Ʈֶ,
Ʈֶ,ġ ũ M 9900
Ʈֶ,
Ʈֶ,λ ļ ִ° ԰   
Ʈֶ,ġ   ..   
Ʈֶ,12 40   ڸ  µ 1 Ѿ    ѵ?   
Ʈֶ,
Ʈֶ,ũ ϳ     
Ʈֶ,¼Ưҽ ִµ ־ ѻ ξ԰ʹ..    ĽŸ Դ°ǵ ŭϴ ó Ծ ޾Ҵ 
Ʈֶ,
Ʈֶ,۰  ̷     
Ʈֶ,񽺸 ޾Ҵµ ʹ ־ ̹  ߵ ̷   ȥ Ѵ
Ʈֶ,Ž   ü  ö󰡴µ ູ ̾.. ض..
Ʈֶ,
Ʈֶ,߰ ִ Ӹ Ϳ
Ʈֶ,Ҽ ִ մ
Ʈֶ,
Ʈֶ, : ڸ  ϰ ڰ 
Ʈֶ, :   ģ ƽ̰ 
,"]""["""
,
,
 Ͼн, 4000
 Ͼн,ġ 4000
 Ͼн,
 Ͼн,... ޴   ſ    
 Ͼн,     ó̶ ô
 Ͼн,ġ 䰡  鰡 ϴٰ ؾ ϳ Ͽư  ̻̾ ̴  ''
 Ͼн, ٴ ̸  ϱ ϴµ ׷ 
 Ͼн, Ծ  ߿  ־  ̴  Ǵ
 Ͼн,׷   Ƽ ѹ غ ɷ ҷ
,"]""["""
,
  ,    ڸɷ ؼ ٰ
  ,ĽŸ ٲؼ  
  ,ȥ  ִ  ״ο Ծ
  ,˸ ø ĽŸ Ծµ
  ,    ׸ ٰƮ  ֽôµ
  ,̰͵ Ұ
  , ּż ޴    
  , 12900  ׷  ִ  Ф
,"]""["""
,[͹ũ]
,
͹ũ,~ Ÿġ ɟ弼Ʈ 8800
͹ũ,~ Ҽ ߰ 2000
͹ũ,~  ũ  4200
͹ũ,
͹ũ,⿡ Ǵ   ѹ Ծ ߾µ  ð ְ   ̱淡 ٷ.
͹ũ,
͹ũ,1  Ѿ . տ 8?  ־µ   40 ɸ. ֹ ̹ ٸ  ޾ư  ɰ ݹ . 
͹ũ,
͹ũ,      ʾұ⿡  ؼ  .   .    . ù  ־µ Դٺϱ  ſ  ⵵ ϰ ҷ .
͹ũ,
͹ũ,"ɟ ְ θ. ׳ Ʈ ѵ  Ű. ɟ  , ũ , (ڸ.ξ), , ޽ ,   ÿ . ġ ִ° 淡 ״µ   .   ġ . ް (?). Ҽ ߰."
͹ũ,
͹ũ, 귱ġ ̳ ɟ  ݵ  ̰ ҷ . ð γϸ 30  ٸ Ű ѵ..   ԰   νð ٸ° Ұ .
,"]""["""
ƼĨ,Ƣε
ƼĨ,մѸ
ƼĨ,̰ 7500 ȵ; 
ƼĨ,ͰƢ ѵ
ƼĨ, 絵 ƿ
ƼĨ,ٵȷ Ծ
ƼĨ,
ƼĨ,ƼĨ
ƼĨ,߽ӿ
,"]""["""
Ʋ꽺,Ʋ꽺 ׻ ö
Ʋ꽺,ָ       ֽŴٴ  Ϸ 
Ʋ꽺,2500
,"]""["""
, ٸ鼭   1 ı
,ٻٻ Ƣ谰   ʾ ٻٻ ʴ
,8  Ѿ ŲŶ ̸ Ƣܳ ٽ ¦  ִ    
,5õ ġ  ׳ε
,ü ׳ ϴ
,"]""["""
,
Ҵī,ű   簡Ʈ ó   
Ҵī,ü α ѵ ׸ŭ   ־
Ҵī,Ƚī ¥ ¥ ε巴 ϴ
,"]""["""
, 佺Ʈ ı 
,
佺Ʈ,ܹ ޶ ؼ ׷?  ΰ ־̴ּ
佺Ʈ,   İ 鼭 ְ ̴   ôٸ ڶϼ̴ 
佺Ʈ, ־  ѳ !
,
Ĵ ,"̰ ȫԱ 2⿡ 5 Ÿ б  ð Ա . Ḧ ׳׳ ٴϱ ǵ ϰ . ģ õߴٰ    Ծٰ Ѵ,,,,, "
Ĵ ,
Ĵ , ÷Ʈ 29500
Ĵ ,ũ ÷Ʈ 18500
Ĵ ,ġŲ ÷Ʈ 16500
Ĵ ,
Ĵ ,޴   ٰ   ũ Ծ.  ޴ ڽ ´.
Ĵ ,--Ÿ-÷Ʈ
Ĵ ,"̷  µ θ޴ ,,Ÿ   ٲ° ."
Ĵ ,"<a href=""""""https://instagram.com/bom_sikdang?igshid=e9ep6l92s8pz"""""""" target=""""""""_blank"""""""">https://instagram.com/bom_sikdang?igshid=e9ep6l92s8pz</a>"""
Ĵ ,(νŸ    øôϱ !)
Ĵ ,
Ĵ , ı   !!!
Ĵ ,  ٰ . ̳ ϰ Ư  ϰ Ծ.
Ĵ , ˰  ... ׷   ϱ Ա   ߵǴ° ¯ε.
Ĵ ,  Ī!!!
,"]""["""
Ḯ   Ƽ,"Ḯ   Ƽ  ߴµ, ؼ 4700 αѵ "
Ḯ   Ƽ, .
Ḯ   Ƽ, °Ѱ .
,"]""["""
Ʋ꽺,Ʒ     Ʋ꽺 2500
Ʋ꽺,
Ʋ꽺,ؿ   پ Ͻôµ Ƹ  ִ ..!  
Ʋ꽺,   Ͻô   Ф 
Ʋ꽺, ֿ     ּ̾µ Ѵٰ ϴϱ  ϴ   ҰŶ   ϽŴٰ 峭 ϼ̾..! 0 ظԴ° ߴµ ƽ...... ?? 
Ʋ꽺, ذ  !!! Ƹ   ð  ̾..?? 
Ʋ꽺,׸ ޴  ִ°   ׷ ̾   ٸ͵   ־
ĽƼ,ĽƼ ġ Ʈ
ĽƼ,
ĽƼ,B ؼ Ƣ   7000
ĽƼ,  ׳ ġ Ʈ ־
ĽƼ, ǰε Ȱ 
ĽƼ,
ĽƼ,  ްϴ ϰ Ƽ Ұ ° . Ծ ϰ 丶 żѰ  .  ־.. ǳ  Ƴ ̷ Դٰ ٷθ ϱ  ä .. ˰Ŷ Ͼ ̴
ĽƼ,
ĽƼ,Ŷ     ϰ ä ż?   Ⱑ    .. 
ĽƼ,
ĽƼ,  Ȱ Ծȿ ÷? ΰ  迷 ִ źϰ ...   õغþ
ĽƼ,
ĽƼ,Ƣ   .  ٻٻ  Ƣ   ƾƸ  వ ѵ  ׷ž  ¥ ⵵  
ĽƼ,
ĽƼ,׸! !! ߿Ѱ ǥ 
ĽƼ,ڡڡڡڡڡڡڡڡڡڡ
ĽƼ,? ˹Ͻô  ʹ ģϽñ 
ĽƼ,ָ ٸ̽Ű Ƽ.. ư ֹϵ  Ͻô°Ͱ ֹ  ģϰ ޾ֽð ְ غص帱Կ ?? &lt; ̰ ׻ ֽ.. Ҷ    ż ֽð Կ  ġﶧ ɸ ż  ҰԿ??  ϽŴ. ȫ뿡  (ܹε) ̷ ģϽ  ó..... ģ  帮 ..... 
ĽƼ,
ĽƼ,ٺ ĽƼ  ϰ ǾηǴ
ĽƼ,߹㿡 ̾ȿµ  ʹ Ը  f.. ƴϾ...
,"]""["""
ڿ뼮,ڿ뼮 ü  ;
ڿ뼮,
,"]""["""
0410,ȫ 0410 3500?
0411,
0412,ŷ ڶ   뵷 ޾ƾ ϴµ . . .
0413,ɰ ȣǥ ޾Ƽ ڸ  
0414,ð µ    е鿡 õմϴ
,"]""["""
ô,ôп  ڶ øԾµ ׳ ׷.. ڶ  ȹ߶ְ õ   ƴ϶ .. 
ô,  뷮 ȿִ ô ε װ ϰ Դٰ о... ΰ 
, ĽŸ ȫ  ť꽺ũ  ε ĽŸ Ӱͼ
,
,丶عĽŸ 
,ȫ8 ֽ
,ع  
,ణ ڿ ٵ ť꽺ũ ˽
,
,ĽŸ 
,̰ 丶عĽŸ ʴ ĽŸ ü ſ..  븥 ϳ  ÷´
,񺭸 ˽
,ٵ ť꽺ũ ˽
,"]""["""
1976, 1976 ۾Դµ
1976,Ʒ ż 
1976,
1976, ҽµ ߲ 
1976, !!!
1976,
1976,ġ  Ե 
1976,
1976, Ѹ.߰.ſ ðߴµ  ƿ  ſ ϴ ? ּ̺ż ˾Ƽ ѷ .
1976,
1976,⺻ ߾ƾǰ ̱ µ
1976,ʾƼ ̶ Դ  ߸
1976, ʿ ġ  1976 !
1976,"Ұä  δ (ġ) 11,000̰"
1976,3̻ 湮  ȫ ϸ 1κ ֽɤ_ ??????
1976, ° ؼ  ü ..  ?  ҽ   ̰ äҵ  粯  ְ! ֶ ûä ߶ ?̶  ǳ Ԥ
1976," ׵ ,,     .. ̰ ̶ ױ Ϻϰ Ŭ "
1976,ɽð ⿡ ݵ  Ե ģϼż õ !!  3̻   ߰ ޱ ٶ!
,"]""["""
Ĵ,"  Ĵ!! (6,500?)+ ߰(2,000?)"
Ĵ,  ū  ƴ     ʴ!
Ĵ,(İ  ڶ  ִ..) ⿡  ¦   ¦ ڱ ̶??
Ĵ,  ־  ϰ   ȼ   Ա⿡ . 
Ĵ,   ٴ   ±!! 
Ĵ,Ͻ ܾ  Ծµ  ϴ.  ̶ . ѽ ԰    ߰ڴ!
,
̹̰,켱 е ģ 
̹̰," ,Ÿڿͻ,ġ˸, Ծ"
̹̰,   ִ ʹΰ ϸ װ ƴ
̹̰,Ư   ƽ ǻ Ư ҽ   
̹̰,3+1 ̺Ʈ    ƴϰ ̺Ʈ     ǹ
̹̰,극ũŸ ̱⶧   Ծ ϴ» ŷ  ٷο   ڰ ֱ⶧ ̷ ƺ 
̹̰,
̹̰,湮 ǻ 
̹̰,
̹̰, б⿡ ݺĴ翡 ޹нŰ  Դ ʹ ϰ  ־...װ ߴٰ ó Ǹ Ф
,"]""["""
,
,
͹ũ,ƴ  ƹ ļ ̶  ФФФФ 
͹ũ,ũ 翬 ̾ ļ ¥  ϱ ϴµ ʹ ູϰ Ծ ݵ ູϴ  ؿ
ġս,ġս    
ġս,
ġս,̾  6000 7000 Ƽ ƴѵ
,
,
źҶ,10аɸ س 30аɷ ģѸ ԰ 
źҶ,ġ䵤   ȸ¾Ƽ  ۸Դ . 3500ġ 絵    ԰
źҶ,Ƣ Ƣ ġ ״µ Ƣ  ݴ  Ǹ
źҶ,ġ bhcġ Ӥ ٵ ȹٻ ġ
źҶ,̴ ׷ 
źҶ,
źҶ,: ٽ Ȱ
,"]""["""
뱹,뱹 뱹 7000 3㿡 8
뱹, ϸ鼭 ϰ     ⿡    ڱⰡ  ׷     ٴ  Ǫϱ   ¾Ҵµ 㿣 ݸ  ġ   α ġ ¥ ־    ֹϰ ߰ ġ  Ծ
뱹,ߴ ϳ  ʰ ϳ ణ ſ Դ   ſ    Ծ... 6 µ 鿡  ̴ ϴ ò s   մ  ְ  ȥ̰ų ̶    ׷ õõ ԰ õõ ɾ  
뱹,   ִ Ͼ 밡 Ư ִ εε... 㿣 븸 ޶ ؼ Ծ  Ҽ ѳ ģ  ð ʹ ϱ   ?
,"]""["""
,ȫƮ
,
 ȫƮ,   
 ȫƮ,ȫ ģؼ   ƮԴµ
 ȫƮ,ְ!!! ʹģϽɤ̤
 ȫƮ,  ־޶ϱ  ȶҸŭֽɢ
 ȫƮ,ٵ ִٱ   ƮͶ!!
,"]""["""
,ٹ ܿ ޴ ũ̸ī
,
,̴ ߵ Ը Ƹ޸ī  Դ . ī󶼿 󶼸 ַ ϴµ ٹ ī󶼴 ޸ ŽŽϰ °   ÷  ΰ ϰ  ٹ 󶼷 .  ϸ鼭  ũ̸ī󶼶 ܿ ޴ ͼ Ծôµ . ٹ ī ŽŽ    е ũ.   ǳϰ . 
,
, ũ
,  ġ .
, ̽ Ծµ  鼭  ÷ ״ϱ ũϰ  ԰    ޶ ϼ.
,"]""["""
,Ĵ翡 Դ  ⿡ Դٰ ؼ Ծ.   Ͻ ܾԾ. ҽ   ٵ      ε   ׷ ־־ ¦ ð . ׷ ڸ а б ⵵ ϴ   Ա    湮 ǻ . ׸  Ŀǿ ϴ ϴµ Ф Ȼ Ŀ   Ŀ ִµ 
,"]""["""
,
ĽƼ ,ġ ؼ   
ĽƼ ,ġ ̱ .. 
ĽƼ ,  ִµ ä  ޶ ִ°ǰ..?
ĽƼ , غ ~~
,"]""["""
ھ,ھ © ı
ھ,
ھ,9õ ġ ִ  𸣰
ھ,
ھ,޹ Ź ο ũ Ŀ
,"]""["""
 ü,̿ ü ı 
 ü,
 ü," Ÿ  öԱ淡 ôµ, 켱   μ(9.0), (8.0), (6.0)"
 ü,
 ü,"黡 ¥ 麸  ˵ İ. ó ĳ  󸶾ȵǼ Ȳߴµ,  ߰ ѹ ؼ Ҹ   ־. μ ߰ , ҽ Źϸ  ֽ. ٸ.. ߰    ֽ ˾Ҵµ, ƿ 1κ   Դٰ ʹ ҷ .  ݸ ޶ 帱... "
 ü,
 ü," μ: ҹó ⸧⸹   Ѵٸ õ. ! , , , , ߰Ƣ Ǿ ־"
 ü,
 ü, : ÷ Ծµ ұ   .   ϰ Ⱑ ε巯. 
 ü,
 ü," : Ƣ ؿ  ġ 尡 . Ƣ  ֱ⶧    ޴̱ϳ, ٸ ޴   Ư  ̾.  󰡴 Ѹ."
 ü,
 ü,  ϴ!
,"]""["""
,лȸ н Ƕ  Ȯ
,ı⼼ôⰡ    ôȵ 巯 û
,"]""["""
, Ʈ ۼ ߽ϴ.
,׸ Ϸ ϰ ߽ϴ.
,"Ʈ õ 8 ܵа ƽѵ,     ȵ⵵ϰ е   ּż   ϰ ٲϴ.  ؼ ð  ũ ø ˴ϴ."
,ִ Ȱ ϼ.
,
,"<a href=""""""https://docs.google.com/spreadsheets/d/e/2PACX-1vSY4YN5alTSr-XVwCPVwgV51fdkdQVKs6041sP-kBhTMcp4jhlfgToxIsFQtvMuRlVHFsNsl89xS3GP/pubhtml"""""""" target=""""""""_blank"""""""">https://docs.google.com/spreadsheets/d/e/2PACX-1vSY4YN5alTSr-XVwCPVwgV51fdkdQVKs6041sP-kBhTMcp4jhlfgToxIsFQtvMuRlVHFsNsl89xS3GP/pubhtml</a>"""
,"]""["""
 Ʒ, Ʒ ߺ 24000  1000
 Ʒ,3㿡  17   12 ȫ   30   ó ģ      
 Ʒ, ־   ߺ ߿  ־  ۿ ߺ Ծ   ó̾ ٵ  ִ
 Ʒ,  Ա Ƽ  νƮ ԰ų ų ϴ ü  ż    ߺ  ϱ ʹ ... ߿    ߰    ϰ ε巯 ߿  ٸ Ƽ  ڱ ַ   絵    !!! ־ ̶  ҷ 3κ Ǵ    ̼ Դ    ż ͼ ٷ   ִµ 20 ɸ
 Ʒ, ִ : ڰ  ε巴 ŭ : ̿ ʴ  Ŷ麸  ſ  Ȥ װź  ʰ ֽ  ֳ Źߴ  Ŷ ʱ 
 Ʒ,  ÷  ʵ ְ ߶Ƣ赵 ȾƼ     ø! ູϰڴ Ĵ絵 ϰ ٵ  ؾ  
,"]""["""
,
, 
 ,           ??????????
 ,ٳƢ ????????
 ,ð    ??????????
 ,
 ,   
 ,   
 ,  ÷ ̻
,"]""["""
Ʋ꽺, ޴ ٲ°ǰ
Ʋ꽺,Ű ״µ   
,"]""["""
,Ǽ åŸ 
,
,޴  ɵ ҹ ø  4
,ĳ ̰   Ͽɷ 
,
,11 30к ϰ 2 .
,޴ ̻ڰ  â ǳ浵 
,
,  ڸ  ֹߴµ  ٸٰ ʰԳͼ ̾ϴٱ  񽺷 ּ˾..!
,
, ̰ ⸸  ԰ Ⱑ Ƽ 2ΰ  
,׸ ׸  ⿩
,
,    ع  ġϰ ܹ  ϰ ֽ.. ;ƴϱ  ̷  ..  丸 Դ°Ծƴ϶   鱸 ׷
,
, ̶ ƽ ϰ 
,屹    ..
,
,׸ Ҷ 񽺷  ɲ ּ˴
,ִµ ־   ׷ οﶧ ٵ  ڴ ϸ ðž..
,"]""["""
,
,
ÿ,  ϰ Դµ 
ÿ,11 ε  ϰ ٷ  ͺٴ 12 뿡      ġ  ִ ͵ ð   
ÿ,  ʹ   𸣰ڴµ   ԰ڴ ϳ 
ÿ,ɽð  Ÿ Ѹʺ ÷ ϴ  
,"]""["""
佺Ʈ,ħ - 佺Ʈ
佺Ʈ,ħȵȴٰµ Ǵ
佺Ʈ,3000+2000
佺Ʈ,  ż. ƻ! 
佺Ʈ,佺Ʈ 忡 2-3000ְ Դ¸
佺Ʈ,
佺Ʈ,
,"]""["""
ĽƼ, ĽƼ?? 60's 
ĽƼ, ο ִ 
ĽƼ,ϰ վ
ĽƼ, ȫ    
ĽƼ,ȥϱ⵵ 
ĽƼ,Ƣ ¥ʰ ؼ Ҿ  Ƣ ƴ ź ź  
ĽƼ,  ϰ ޴ ġ ġ
ĽƼ, ִ  ƽ ݴ õ
ĽƼ,ġż 7000
ĽƼ,ġżƮ 5800
ĽƼ,ǰ 3õ Ͽ ƿ
,"]""["""
ī,ī. տ   ó.
ī,ī Ծ ; µ ʹ ..  äī.     ޴. ſ  0ܰ~5ܰ ְ  1ܰ. 
ī,ī ʹ  ä ׳  äҰ  ϰ ħ..  ī ̷   ƴϰ ٽ ԰ Ф
, īȭ!
īȭ,θ̶  µ  ̳ Ƽ ٵ Ͻ ~
,"]""["""
Ͽ̾ ,  Ͽ̾ ΰ..?
Ͽ̾ ,
Ͽ̾ ,  ¥  ߰
Ͽ̾ ,9900
Ͽ̾ , 9 ( )
Ͽ̾ ,
Ͽ̾ ,ڱ 
Ͽ̾ ," ذ, ¥ٸ ¥ ʴٸ ʴ."
,"]""["""
,
  ," ź,   (8000)"
  ,"2019 ̽ ƼĿ پִ.    ̽ ѽŷڸ  . ٱ Űũ ֹ  ȿ  Դ´.  ɷ  Ŀ,  , ׸   ϴ. ̹ 鲿ϰ  .  ð   ߰  ε巴.     ȣ.  1ȸ   ϸ ߰    ͵ Բ ʵȴ.   .  ó      ׸  ԰ θ."
  ,
  ,"     Ծ  Կְ ϴ  ѵ,      ߴ. ¦     ϴµ ü  ̱⵵ ϰ;  Ҹ  . ̶ ׷  Ϻ 쵿б̳ ǥâ  ͵  پ־.  ҷ  ʿѵ  λ ° ϳ ϰ ȴ. ȥ  ٸ  ִٸ ȥ䰡̴.  ´  . ʹ ¥ ʰ ¦ ü·  븥ڰ ȣ."
  ,
  ,"丮ź -   . ó  ũ쵿  ǰ ִ.  󼭴  Դٺ ϴٰ    .  Ŀ   ù    ־ ҷ ϴ  ȴ. ۾̴   Կ ΰ ο츦 Դ Ÿε,  ϰ   ̾.  ڸ  ȣȯ   ̶...  Ƹ   ϴ. "
  ,
  ,"丮  -  鿡  ν  ſ ϰ   . 쵿 ؼ  û    ̿쵿  ְ  ¦  ̾µ  ݶ ָ ڴ. ׷ ټ  鿡   ¦  ; ־⿡ Ϻ  Ϻ ȭ ̷? ϸ װ  ƴϰ, ׷    Ȥ  ¿ ̷   ÿϰ   ִµ ߰        ִ. "
  ,
  ,"б ִٸ  Ÿ ణ ָ  ̴. ð ̽   ȫ,   ߲ϰ    丮 ԰  п鿡 õ."
,"]""["""
,
īȭ, ó . 2μƮ ״µ
īȭ,(ǳ+  + ¥ 2)
īȭ, ־
īȭ,22000̶ ̼ 11000ε
īȭ, ſ ٰ 
,"]""["""
,
ȫ ī,   ø+2p.1p 9900!
ȫ ī,Ƣ ҽ  ŸŸ ҽ ٸ ̶   ٸ   ⸧    ⵵ ε巯 ־µ ø ״  ʾ ֹ ? ٵ    
ȫ ī,ø Ʈ     õ  ϰ ߿  ȴٸ  ġ  
ȫ ī, ģ
ȫ ī,Ǫ  ʿ 
,"]""["""
콺,콺  10000
콺,+ Ƣ+   
콺,ǽ¥ ô Ծ    񽺷  ʹ Ƣ赵 ־
,"]""["""
Ұ ,Ұ  ϸſ.......
Ұ ,  ſ Ф
,"]""["""
,ȫ ı
ȫ,   ȴٰ Ͻ!
ȫ,Ÿ ִ ؼ Ծ
ȫ,䵵  񽺷 ǵκε ̴ּ 絵   
ȫ,Ե ģϽð  
,"]""["""
,"䤺      մϴ.  ,     ̸  ."
,"ϸ 'ϵ'̶  ø Ǵµ,         ƿ."
,̽ ׷(  )̱⵵ ؿ.
,
,̽   ʴ ѿ . ǿܷ λ Ӵ뱹. ϵ Ȱ ǰڴµ?. 
,
,
,   ϵ ĹڿԴ Ѿ  ̴. ϵ ġ ø ó  ҵ  ִ.  Ư   å  Ʋ(񽺿   ƽ ǥϴ ǰ ִ.) ִ. 
,
, ̽ ׷  ̴. 3 5õ  ݿ  Ĵ̶ .    ϰ ִ. ̰  Ӵ뱹 λ̴. 忡  Ӵ뱹   ְ ϰ ʰ .  
,
," , â   ִµ,  .   ϵ ϰ  ѿ μ 丮  ϴ  幰ٴ ̴.  ׶ ̳ ָ Ǹϰ ִ."
,
,"¿   ϵ ȴ.  鿡  ξ .   ̰, Ϲ Ĵ 񽺸 Ѵ. Ļ縦  ʴ   ִ."
,
," 11,000 Ư  13,000̴. Ӵ뱹 8,000̰ ƯӴ뱹 10,000̴.    Ļ縦   ݱ. ѿ츦 Ѵٴ  ϸ,     ϸ ո̴.  쵵 ׷."
,
,"츮 ƴ ȫ ϴ  ƴϰ,   (̸ ո ..) ִ Ǫ ֻ ó Ĵ簡 ġִ.  ְ, 2 ִ.  ټ   ɾ ٶ.  8, 9 ⱸ .(150 )"
,
,"2 ġְ,  ϰ ̺ Ÿ ϴ.  Ļϱ   µ ϰ ִ. ְ Ļϱ⿡ ڶ ȯ. ȭ    ǹ       ġѴ."
,
,
,ģϰ  / . 4 ɱ⿡   ̺ þ ִ. ٸ Ư¡    Ĵ .
,
,
,
,"ϵ, ϵ ո ݿ   ʹٸ"
,ġ Ⱥ Դ   ִٰ Ѵٸ
,  ѿ μ 丮鸦  ʹٸ
,
,
,"ᱹ   ̾߱ ϵ 񱳼   ۿ .   ̽  ׷   ϰ λ  ִ. Ӵ뱹   , ݵ ѿ ϼҸ Ѵٴ  ϸ ո̴.     ֽ ϵ   ״  ʴٰ Ѵ. "
,
,԰   ̶      ̴.
,"]""["""
,
,
 ,Ű   ְ(   ڿ...)
 , ġ ־   ٽ 뿡 ִ
 ,(޶ߴ ä ֱ淡  ߰ ߾)
 ,
 ,   Ȱ׷  ̷...? 뵵 ΰ   ڴ󱸤Ф
 ,( 2 ð ٸ ȱ׷ ƼФ)
,"]""["""
,
ս,Ʒ ȫ ̾.
ս, ſ ó  Ƽ ۽
ս,
ս,  Ĵ°Ű ֺҳø鵵 ȴ.  Ҵ ȸʰ ٺҴ   Դ ε 2ܰ ְ ſ ٺҴߺ ¦ ſ
ս,
ս,
ս,-5000
ս,- ģϽ. 2ܰŰ 1ܰ Դ° õѴϼż 1ܰ ׾. ٵ  ȸſ  ʰԵǳϴ ҽ  ּ̾
ս,
ս,
ս,ſ ϸ ͺѰŰ. װԾƴϸ ״...
,"]""["""
,
,
͹ũ,"Ʈġɟset 10,800"
͹ũ,"Ÿġɟset 8,800"
͹ũ,"ҽ ߰ 2,000"
͹ũ,  ȳµ.. set Ű ó 
͹ũ,
͹ũ, ְ  2ð ..ʹ..ʹ ̴..  1ð   ٸ 30 ɾƼ+ .. 귱ġ   Ǵ .. ?  ٸٰ µ ˾ƺż ʹ ű     ~
,"]""["""
,
ڸ ֿ丮 ,ڶ  濡 ִµ ɵ ֳ׿
ڸ ֿ丮 ,ð缭  8500ε  ϰ 絵ƿ е鵵 ģϽð Ư ˹ٺ ǰ ģ߾^^
,"]""["""
ڸ ɾ߽Ĵ,ڸ ɾ߽Ĵ2ȣ!!
ڸ ɾ߽Ĵ,
ڸ ɾ߽Ĵ,ݰ ϸ õ༭ δ 7õ5 ԰..̵ƴϳ???Ծ 
ڸ ɾ߽Ĵ,ٵ ϴ°̶ ׷   ʹ ¦ŷ ο..̾ 
ڸ ɾ߽Ĵ, ǰ̾ 絵 䵵 ѿ 絵
,
ÿ,Ѹ ʹ ˰ ִµ ѵ
ÿ,
ÿ, ġ 1 700̿.
ÿ,(÷   ̿x)
ÿ,
ÿ,8700+2000 = 7600 ԰ Ծ.
ÿ,
ÿ,  ȸʹ ε
ÿ,
ÿ, 16ps ԰  ̸ ϴٰ ؿ.
ÿ,
ÿ,տ Ű  ̿밡ؼ  ϳ Ű鼭 ʹ ޴´ ϸ 2000 ׷ ƿ.
ÿ,
ÿ,ɶ  ʷ   20  Ծ ϴ ̿    õؿ
,"]""["""
,
,
1988 ,   ġ 9900̶    ϹǷ 뼭
1989 ,
1990 ,
1991 ,"1. δ. ġ 9900( ), ṫ 1000"
1992 ,2. ȥ䰡. (̰ ԾƳİ? ...)
1993 ,3. 
1994 ,
1995 ,
1996 ,1. .  öµ 
1997 ,2. ٴ 
1998 ,"3. ⱸﶧ ⸧ ȹ Ƥ.  ° ƴ.  ȸġ ޾Ƽ ,  ٴڿα  ׷  ġ ϳ  ޵."
1999 ,"4. (ְ)  κи . , , , ߰ ο. ׳  "
2000 ,
2001 ,   üִ 𸣰ڴ. ʶ ѵ ó ö Ǵ  ˷
,"]""["""
,Ʒۺ ɿ þ
,Ƽ ªԾ
,
,
,#NAME?
,-δ. ִµ 6000. ߱ ߰ 7000
,#NAME?
,#NAME?
,#NAME?
,
,
,#NAME?
,#NAME?
,-  ...;;
,#NAME?
,-. ڱ  ڴ ðŰ 6000 ϸ ش Ǵµ   ʼ
,#NAME?
,
,湮ǻ ! ȥҶ 
,"]""["""
,ȫʿ   
,
ȫ,    ε    Ŷ     . 
,6000 ҰⰡ  ̶ . 
,Ḧ  ִ° ƴ϶   °Ŷ  . 
,׷ ῡ ϴ ļ   ԰ ߰ڴ Ͻô е鿡 õ. 
,  ̴ϱ ѹ 1~4̼ Ÿ õ( پ  8   ) ϱ ͳ   ڼ  ϰ.
,
 ,Ƹ+ī 5õ
 ,ƾƸ-  ε巯(Ŀ˸).  Ը .
 ,ī(ñ)- k-ī.    ϰ(˵ٻx) ʸ ׳ ݸ. ׳ ڴϱ    ī ߴٰ Ǹ.
 ,
 ,Ʈ  ⺸ٴ     . ü ϰ 뷡 ϴ    ۿ 
 ,"2, 3 ִٰ ."
,"]""["""
,ƴѰ Ʒ  л qrװɷ ڰ ϴ   ÷(³.. ·  ƴ϶󱸟G)  Ÿӿ ī䳪 Ƹ޸ī ̽ 900 ȱ淡  ÷. 2500 Ա⿡ 絵 ۰ Ʊ ȻԾٰ Ÿӿ ۱Ƽ غôµ 900  ̤ бȿ ̷   ־ ƿ. ε ΰ   ؼ ÷.  ƴϱ. ¥ ε ΰ   ־ ؼ øϴ社 ī Ȱµ  ֿϰ ɵ???? .. ְ ü!!!!!!!????
,"]""["""
,ƴ  л qrڵ ð ϸ ?
, б ѱ  Ƽ
,"]""["""
,
ٴȸع,ѱ췰 +ٽ++ſ4.5
ٴȸع,Ѱ 
ٴȸع,ѿ߰Ѱ̰ 
ٴȸع,ѱ췰  ξ־. 췰 ƴ϶ ּ ߱ ̻ Ǵ ε İ ܴ
ٴȸع,ѽٽô±⺻ Ѵ.
ٴȸع,ѷ ȸ Ѹ°Ծƴ϶ 忡 Ѹ°
ٴȸع,Ѹſ 
ٴȸع,δ1.5 Դ ȸ.
ٴȸع, 5.5/10
,"]""["""
,
ȫұ,ұ 3900
ȫұ,¥ 2 2900
ȫұ,
ȫұ,ġ ȰŸ  ʰԸ ..?
ȫұ,
ȫұ,ұ  §  § ؼ  ٸԾ
ȫұ,¥ ٻٻ 
ȫұ,ٸ޴ ü  ̴  丷 ߰ڴ
,"]""["""
ȰƼ,  ȰƼ νú  ũƼ ÿؿ~~ ũƼ ϴ п :)
,"]""["""
,
,
 ݺĴ, ұ 8000
 ݺĴ,Թڽũ 11000
 ݺĴ,
 ݺĴ, ¥  Ծּ 
 ݺĴ,¥ û ū ⸧ ߱ ӿ Ф
 ݺĴ,õ  ߶վ Ա⵵ 
 ݺĴ,
 ݺĴ,Թڵ ִµ û  ϴؾߴ볪 ġ ΰ ư ־
 ݺĴ,
 ݺĴ,ع 
 ݺĴ, Ȱ ñ!
,"]""["""
,
,"]""["""
 ̸̿н, ̸̿н ̸ 6000?
 ̸̿н,
 ̸̿н,īȭ ڸ  ϴٰ ڱ ̸ ܼ 
 ̸̿н,û ʰ ϰ ް ̸
 ̸̿н,ſ    Դ  
 ̸̿н, ִ ̿? 豹...? ¦ 񸮴
,"]""["""
,
īȭ,¥ 2 10000
īȭ,
īȭ, δ
īȭ,ٵ ù ڸ Ų 12 5ε Ȯϰ 1 10п Դ Ȯ ѽð аɸ 峭ϳ
īȭ,
īȭ, ȵǸ  
īȭ,30  󸶳 ɸİ ô ϰڴϰ ù ׷ ƹ ȳ  30  귶
īȭ,
īȭ,༮  ذ ׷ ġµ ༮ ìٰ   3-4̺  ƹ͵ ȳ°  ǳ
īȭ,
īȭ, ׷  ʰԿ ̺ ¥ ִ
īȭ,̺е鵵 ¥ Ծµ װ ٸ԰ ׺е Ͻð  Ŀ 츮 Դ
īȭ,
īȭ,׷ ѽð  ¥ ö ̰ ƴʳİ ѽð ٸµ  ȳ ֳİ ߴ ̾ϴٸ鼭 ̴ ĵִµ ¥  .. ׷ ׳ ȸ԰Դ ư   ̾
,"]""["""
ڹġ,︲ ұ ó ڹġ
ڹġ,ī(ä  ǥ޴) ũī ΰ Ű 1500¥  ߰.
ڹġ,
ڹġ,ݹī 7900+1500ؼ  9400.
ڹġ,
ڹġ,  ī ĵ̶ ׷  ִٰ ߰   ѵ ִٰ .
ڹġ,
ڹġ, ߰ ؼ    ģǼ   信 ҽ  񺭸԰  ҽ  ߰ؼ Դ° ̵̶.
ڹġ, īҽ .
ڹġ,
ڹġ,ع   Ŭ .
ڹġ,
ڹġ,  Ʊڱϰ Ϳ ̰ ڵ  .
ڹġ,
ڹġ,  ۿ ִ ǿ ޴׸ ȭ        ٸٴ°...Ű澲... ΰ ̼  ϱ ù ǿ    .
,"]""["""
,
,ѽĻҸŭ 뷮
,(  )
,Ѿƴ¸
,Ѹſģ 
,ѾƮ ̰°Ŷ ¾
,"]""["""
ȫ ,  ƴϰ ݿϿ ....
ȫ ,ȫ  н ε ۷δ϶   ݹ  ׸ ̱ ̾ϴ!!
ȫ ,ġ Ƽ ׷ ε մ ۿ  ȫմϴ Ф
ȫ ,ȫ ꡯ ̰ ̸̿
,"]""["""
,ִ  ̶ Խ ϴ..
,ȫ  ű⿡    ޾Ƹ.
,"]""["""
,
,
 ϵ,ų  ߳  2κ ġ
 ϵ,
 ϵ,θ ʹ  ; ׸ߴµ
 ϵ,
 ϵ,6500 
 ϵ,
 ϵ,"ΰ,θ ð"
,"]""["""
īȭ,īȭ 2.2 ĿüƮ
īȭ, ǳ ¥ «
īȭ,¥  ־
īȭ, Ʈ ¥« ̳  ƽ
īȭ,ٷ  ߽ ߿   
īȭ,߿丮 丮 丮 ְ
īȭ,  (ǳ  ĥ ũ )
īȭ, 
,"]""["""
,
,
ڸ ֿ丮,    ȽŰ  
ڸ ֿ丮,
ڸ ֿ丮,մԾ ۼ ø
ڸ ֿ丮,
ڸ ֿ丮,ɵ ۱ѵ  ˰  ֹϸ  ִµ װ  ִ ¦ϰ
ڸ ֿ丮,ť꽺ũ Ȯ ¥  § ڿ ̶ ĸī   Ծ ȴ  α׸Ծ  屹ִ
ڸ ֿ丮,
ڸ ֿ丮, ȸ ϴ.. ̰..
,"]""["""
,
 ,굿 »̳ 3 » ĽŸ ԰  ƿ!  İƼ   ״µ ĽŸ 뺸  ݵ ϰ
 ,ڿ ġ ¯Ƥ! û  ¥ġ ƴ  ؿ
 ,"  İƼ , ҽ̷ ֹ߾"
,"]""["""
ĭټҹ, ʹ -ؼ  並 ؾϳ ͱ 
ĭټҹ,ٸ  ĭټҹٸ Ծ     ϴ±  ϴ.
ĭټҹ,
ĭټҹ,"   ںνɰ ڽŰ ġ, ε  ִ, ü  ҹ(Ϻ ) "
ĭټҹ,
ĭټҹ,
ĭټҹ,"޴ Ϻ  ҹ  ϳ.  δ   ֿ ݶ/̴/󹫳(Ϻ  ̴) ִ. ĭټҹ  ҹ١    鿡 , ä,   پ  ҽ 񺭸Դ '̶ Ѵ. ڰ(Կ  )   Ư ҽ . "
ĭټҹ,
ĭټҹ,  ԰   ޶   ִ.  ҽ  񺭸   ִ. 
ĭټҹ, źµ   Ǹϴ. ҽ  (?)   Ų ⸧  ִ.  Ŀ  ԰ §  ִµ. ̹ѵ   ִ. ԰ Ŀ  ⰰ   ȿ ´. ￡  .
ĭټҹ,
ĭټҹ,
ĭټҹ,"  񽺴 ֹ  ü  ϳ ̰ '  ΰ λ  Ѵ. Ư ģ ʴ. ֹ Űũ ϰ, ڿ Ļ ̺  ſ. Ⱑ  Ļ   ̺ ȸ   ԰  ϴ . "
ĭټҹ,
ĭټҹ,׷ ̰ ԰ ϴ   ö̶ Ѵ. 
ĭټҹ,
ĭټҹ,"ҹٴ 9,500̴.  ׷.   4,000/ź  2,000/󹫳 3,000"
ĭټҹ,ð    Ź . ׸ Ǹ .
ĭټҹ,
ĭټҹ,  ص۱  öͼ Ⱦܺ ǳʸ ̴  ȿ ٷ ִ. ȫ αٿ  幰(?)  . ָ ߺ̰  ȫ ġǾ ִ.  δ.  ټ. 
ĭټҹ,
ĭټҹ,"ڴ ̰ ,   ٴڿ Ǿִ.  Ļ ̺   ٶ󺸵 پִ. ȭ  ο   ġѴ.  Ļϴµ ƯȭǾ ִ . ٸ  Ļ縦 ġ  ̴."
ĭټҹ,
ĭټҹ,
ĭټҹ,ƹ  ̴ٺ ̺ ȸ   ̴.  Ϻ   ´.     Ļ縦 ϼϴ  𸣰ڴ. ڰ ϴ  Ϻ  ó    ¼    򰡰 ƴұϴ  . Ļ ǳ̸ ġ ʴ ԰  ׷ .
ĭټҹ,
ĭټҹ,Ϻ ҹٸ   ԰  ̵鿡
ĭټҹ,   ߱ϴ ̿
ĭټҹ,
ĭټҹ,
ĭټҹ,ְ ְ ִ.
ĭټҹ,
ĭټҹ,"ȫ ܽ  Ư¡̶ Ϻ 丮 ٴ ̴.  ٺ   ƴ  ,   ¥. ٵ ִ.   ص   湮  ϰ, Ư    Ļ ǳ̸ ϼϴ  ִµ ϴ."
ĭټҹ,
ĭټҹ, Ǽ ټ     ϴ ູ  ̴.  .
ĭټҹ,(ĭټҹٴ λ /ȫ/溹/ȭ  ִ.)
,"]""["""
븸߽,  븸߽
븸߽,
븸߽,  ִ 븸߽  ߴ
븸߽, ߴ~
븸߽,ó  ϴٰ ǳ ״
븸߽, 6000̰
븸߽,  ٻٻϴ
븸߽,ǳ Ƽ  
븸߽,ٸ   ƽ
븸߽, ؿκ ǳҽ  ʹ δ㽺 ̿
븸߽,׷  û  ͼ Ÿ Ծ  
븸߽,6000 ̷ Ƽ 丮 ´ٴ°  ε~
,"]""["""
,
 īȭ,ó ޴   α淡  븦 ߴµ  Ѵ
 īȭ,Ưϰ ä信  µ ϰ ߾  Դ¼ Ծȿ Ҹ Ȯ 
 īȭ,  
, ı⢾
, 
,
, Ͷ ī並
,̶ ٵ б 
,±濡 ̹б⿡
,
,
,ٵ̰̻ϰ ǿ߾Ⱥ̴
,Ȱϼ
, óԾ
,
,  â 缭ȣھտ
,϶ű⼭Ʈߴµ ִ
,
,ư ϰ
,
,1. ޴
,
,¥޴ ̼ Ҵ Ʈ Ƽ
,ܿøƼ  
,
,2. ¥
,
,¥ŭ  õ 
,Դ°õ
,̵Ͻô°źôµ
,ūŭ  ̵
,
,׷ ̸ϰ  
,Ƽ θԸִ õ
,
,3. ¥2
,
,̰..ణ Ʈپ
,
,1ÿɸ԰ 4ÿ
,ּ̹ѳ 
,ϰ 缭
,
,ö1ðѰŻ Ӹð
,ݳƼ øȰ
,
,ƮθԱ⿣ źθ
,Ծ׷?
,
,4.ֱѵ ̴ ü¾ƴ
,
,°źϱ  best ?
,Ծµ ſ  ÷Ѹð
,
,Ʈ Ƽ  ô
,
,׷ ִ̰µ
,ũ  Ŀ   
,Ⱑ 
,
,ġ Ʈ  ȼΰ ó԰
,ݸԾ  Ѵ
,
,5.  
,
,4500
,
,׷ ~~
,"]""["""
,
,
 īȭ, 5 Ÿ
 īȭ,ä(6000)
 īȭ, ģ. Ҹ ä. ߿ β . 
 īȭ,湮  
,??????????
,"]""["""
,
,
ǹ, ;
ǹ,¥ ִµ ʹʹ ɷ.
ǹ,ֹϰ 40 ٷ ޾Ҿ.
ǹ, ͵ ִµ ׳ ó ô󱸿. ȯϴ е ̰Ф
ǹ,ð   ô° õ..
,"]""["""
趱,趱  ٲ?
趱,
趱,Ÿ  ó Ẹµ ļ   
趱,
趱, 趱(¯ָԹ ) ܰ. ׵   Ե ģϼż ſ .
趱, ģ  µ Ա    . ƴ  ׵  ڸ    տ  ֹ߾ܸ?  ΰ ˰ ־. ٵ ڸ   ϱ ڱ ֹ ϸ ٰ °. ƴ   ƴϰ ֹϸ ȵ鿩ִ° İ; ư  ͼ  ٲ ϰ  ͼ ޴ . 
趱,"ģ   µ 3 ɷ. ٵ ڱ  """""" ֹؿ仡"""""""" ̷鼭 ̳ Ű ϴ.  ģǰ ;.   ִ°ǰ? 츮 ڿ  ٸ  е   ڸ  ô."""
趱,
趱,"ģ  ϰ,   ʹ  ð   ׳  ֹϰ ڸ ."
趱,  ٸ    Ļ縦    ¿µ ø鼭 ĺҷ  Ͻô.   ݾ.. ׸  ȣȣ ò 鼭 ģϴ 
趱,
趱, ð 츮  Դ ȿ ֱâ ƿ   .  ȿ Ѹ ׷ Ұ.  츦 ٶ  ƴ ռ ִ ϵ    ޴  . 
趱,
趱, ٸ԰ µ   ִ? ̶ ٸ  ..
趱,ȿ 10 Ѱ  µ  ִٴ  ̻. и   Ÿž
趱,ƹư   ϱ  ǰ ִ;  Ŷ ϴ´.
趱,
趱,ٺ  ʹ ..   ѳ  ð  µ  ѳ Ĺ ȭ   ִ ģ   °ǰ? ׷ٸ  趱 bye..??
,"]""["""
,
,
ڸ ֿ丮, ڳ̾߳ ݰɷ  18000
ڸ ֿ丮,
ڸ ֿ丮,Ŭ   4000ε  ̺Ʈ 3000
ڸ ֿ丮,
ڸ ֿ丮,ٿ 信 ⸧̶ ĸ ѷ 
,"]""["""
Ÿξ,Ÿξ   8000
Ÿξ, 8 հ ߸˵
Ÿξ,  õi µ ̹ ֽô   ̳°  
Ÿξ,ʹ 񽺷 ޾Ҿ
Ÿξ, ε ȫ 5 ־̴ּ...
Ÿξ,ȫ Ծ   ˼...
Ÿξ,   ɸٴ  Ѵµ   Ű 5ΰ   
Ÿξ,      ϴ Ծµ Ⱥ ~~~  õ Ѹ ... ϰ   ʱ ٶ.... ۰ Ľ ֽôµ ־
,"]""["""
,3㿡 7 Ÿ ī  Ƚ 9500 īƩ 11000 ɿ 500 ̷ Ƚ Ĳϰ ε巯 ɵ ־ ׸ īƩ! ־ ǫ ; ε巯 丶 ڶ  𸣰ڴ ä Ƚī  ̿ ٸ ⵵  ־ 絵  ġ   մ    ä   ְ
,"]""["""
,
,
  ,Ÿ  湮߾. ÿ̶  ũ Ծ Դ߿  񽺷 Ʈ ֽ
  ,ÿ Ⱑ ¥ ϰ 
  ,   ־
  ,  Ʈ  Ͻô Ŷ ƿ ũġ ī 
  ,ũ근 + ġ ɟ + Ǫ  
  , ¥ űϰ ʹ ־... ...
  ,  ȵƴٴ ؼ 
,"]""["""
ھ,ھ ī 9000
ھ,
ھ,  ¥  
ھ, 븥  ÷ִ  Ͷ߸  
ھ, ֵ     ̾µ
ھ, 븥 Ͷ߸ Ѽ   
ھ,븥ڶ ¥ ߾︮ 
ھ, ٵ īε   
ھ,
ھ,ٶ ׸ ༭ ¦  ſ ̰ ִ ̸̿
ھ,"ҷµ ̶ ī ߰ ȴٰؼ װͱ ԰,,"
ھ,㿣 ⼭ ũ¼ Ծ
,"]""["""
,ȫ..............
,
ȫ, ¥ â    Ʋ 1ϰ ׷µ......   ķ ó ôµ.........־ָ Ҿ............ʹ......
ȫ,
ȫ,ù°   5 ǵ    ׳ Ĭϻ쵵 ְ 鼭 '  ¥  찡 ҳפ' ̷鼭 Ծµ
ȫ, ׳    ִ° ......
ȫ,츸 絵 ٰ....
ȫ, ġΰ  ޶....
ȫ, ⺻ Ű ߱ Ư ĥ ˽  ¥ ̾µ  ϰ ֹ ٲ  ֹ.....ſ ϳ .... 
ȫ,
ȫ, ʹ....ۼ.... ó° ֱٶ.........
ȫ, ֱؼ   ......   ޶ ʹ ...쵵  ... Ȥ ⸻ ٸ JMT ۷ ˷ָ ſ մϴ.....
,
ȫ,չٿ +  (ſ)
ȫ,
ȫ, ׳ Į ߱ ҽ   ?
ȫ,7000ε ׳ ٸ  ...
ȫ,
ȫ,չٿ 
ȫ, ´ٸ θ  ..
,"]""["""
ڸ ֿ丮,ڸ ֿ丮 ñؼ  ô
ڸ ֿ丮,ģ    3ÿ µ 극ũ Ÿ̾ ٵ  ָӴ? в û  ׳  ϼ̴٤ФФ ˼ϴٰߴ Ĵ 극ũ  ΰ  ˼ϴٰ ֽ..̤
ڸ ֿ丮, ũ ¥ٰ ϴµ § ƴϾ   § ƴϰ ְ Ծ ũ  ص ɵ. ⵵ ε巴    ִ ֡ ¯־!
ڸ ֿ丮, ׸ Ÿ νùݱ ׷ ð ̹  ־µ 츮 ׳ ΰ ̴ּ ѰФФ 1ȣ ̱ʹٱ  ʹ޶ Ͻô󤻤 Ĵ 鼭 ̷  ó̾Ф̤̤̤ ְ
,"]""["""
,
ȫ,Ѹ
ȫ,Ѱ
ȫ,ģ
ȫ,Ѽ ſ
ȫ,ѵϴ̹Ƿ + Դ°
ȫ,Ѹĵκηι 
ȫ,Ѱ
,
,5.5/10
,"]""["""
,
,
ڸֿ丮, ִ ڸɾ߽Ĵ翡 ٰ
ڸֿ丮,ȫʿ 2ȣ ߴٰؼ ѹ ôµ 1ȣ̶ ޴  Ȱ  ٸž ִ.
ȫĿ,ȫĿ  2500
ȫĿ,꾾  ߵ󵵸   ִµ Ŀ (6000 â ) ϴ Ʋ꽺(  Ф)ۿ  ϰ ־µ ȫ԰ ö°   
ȫĿ,ô ޲ũ ġ ణ Ȳ Ŀõ   ...
ȫĿ,
ȫĿ,:K  ణ øŰ   ũ⿡  ٵ   ϰ ƴϱ ؿ  ణ 
ȫĿ,
ȫĿ,:õ+û ÷ ̳
ȫĿ,ٳ:(ũ丸鶧 ִ°Ŷ ̾µ)
ȫĿ,÷  ¦   
ȫĿ,꾾   ѵ  ʹ ٺ  1/3     ؼ  ֹ    Ϲݻε ϰ Ƶ鿩  
ȫĿ,
ȫĿ, Ա  ΰ̰ ڱ Ŀ  ϴ Ա   ׳ Ծ Ҹ ƴ īÿ   ȭսô
,"]""["""
ڸֿ丮,ȫ ڸ ֿ丮
ڸֿ丮,R  3?
ڸֿ丮,  ִ  fµ R  ִ  Ⱑ  
ڸֿ丮,Ÿ  ¥ٰ ޴µ  Ը 
ڸֿ丮,ɵ    ũ Ҵ٤
ڸֿ丮,ť ģ ״µ Ÿ  кϴŶ ٸ   ϴ  ٻε
ڸֿ丮,ῡ ϱ   ... ణ ӻϼ  ģϽŴ...!!
ڸֿ丮,۰ ð ϴ°   ϸ õ  ֽŴ
ڸֿ丮,    Ź ø
ڸֿ丮,  Ÿ ڸ ̶ ö淡  ¥ Ű ־ ø°ǵ  ؼ...
,"]""["""
,
,
ȫ ÿͼ,8000̶ 10000¥ ִµ  ̴ ... ä  ?
ȫ ÿͼ, ä Ⱦؼ   8000¥  
ȫ ÿͼ,۰ ȸ̶  Ѵ ε
ȫ ÿͼ,  찡 ε
ȫ ÿͼ,ȫ ֺ  Ĵ  ߿  · Ѵ 
,"]""["""
,
,
 ,1 ı
 ,ٽø  ı  ̴ְϱ... ˾Ƽ  ؼϽñ⸦
,"]""["""
,ϸƼ ı??????
,
ϸƼ, Ƭ ٰ ݾƼ ϰ ôµ  οФФ 
ϸƼ, ۰ 鼭 ִ°  Ĭ µ ϴ Ĭ  ʹ Ǹ߾. 
ϸƼ,ƹ Ѹ̿ ܿ ִ° ó̿. 
ϸƼ,׸  䤾 Ĭϸ   ε ׷  Կ ʹʹʹ!!! ϴ.
ϸƼ, Դٰ ˹ٺ ¥ ģϼ.. 
ϸƼ, ٸ    帮  ޶ ؾϴ ε ڸ ġ ؼ ʿ   ⵵ ʹ  ˹ κ մԿ ̺ ɾƼ ڸ԰ ٶô   ޶ ϸ ٴµ Ǫ  ּ. 
ϸƼ,ٴڵ  ȴ۴ Ÿ... ¥ ˹ٺе 񽺰 ־̿.  ٽ ȰſФ
,ڸ
ڸֿ丮,ť꽺ũ 1.0 -&gt; 0.85
ڸֿ丮,
ڸֿ丮,ݿ  6ù µ ƹ ..̤
ڸֿ丮,Ļð  ε ִµ..   ũ ¥ ε巴 ־ ϴµ..
ڸֿ丮,    Ǵ  ÷Ǿ
ڸֿ丮,
ڸֿ丮, ũ  ɵ װŵ
ڸֿ丮, ȸ ϴµ   ε巴 񸰸    찰 
ڸֿ丮,
ڸֿ丮,ݿ  Ĵ簡    ? ư ־..  㿡 ɷ Ѹ   ޴ִ
ڸֿ丮,ư.. ̰ пԵ..
,"]""["""
źź,źź  ʰ?
źź,
źź,ƽԵ   ۿ 
,"]""["""
ö,ö(  ?)
ö,Ĭ 2ð 
ö,  16000  20000
ö,ֵ Ƣ Ҽ 5000  ؿ
ö,ȭǵ  иǾ ־ ƿ
ö, ǰ ģϽð ȫ̶ ϸ ޴  Ĭϵ ֽð  ìֽ÷ ϼ!
,"]""["""
Ͽ,??Ͽ  - Ұ 8000
Ͽ,
Ͽ, ѵ  Դ   лȸ Ĵ ̿ϴ ȥ䷯μ Ĵ ʴ  ȥ    ִ   ׷ ã 
Ͽ,
Ͽ, :   ִ  
Ͽ, ɲ ѵϳ  Ĵ   ѵ
Ͽ,
Ͽ,?? µ ð 10̻ ҿ
Ͽ,Ұ⸦ ٷ ִ 
Ͽ, żϰ ӿ ä ̽
Ͽ,  ݸ κο Բ   ϰ  
Ͽ,
Ͽ,ɽð   ȥ ԱⰡ ߴ  Ҿ
Ͽ,
Ͽ,??   8900 
Ͽ, ޴ ԰ ϵ  Ծµ ׶   ߴ    Ÿ
Ͽ,    췯ְ 䵵 ־
Ͽ,̰ 5оȿ  
Ͽ,
Ͽ,𸣰 ׸ ִ ͻ ѹ̸    񺭹ȴµ  ̰  ־  ô.... 
Ͽ,
Ͽ,??Ѵ  ־    
Ͽ,е ñ⿣   Żе ñ⿣  ڶ ߰ Ǵ 𸣰ڳ׿
,ٶ  迡 쵿
,
,
 쵿,ġ 쵿 ٱ淡 湮
,
 쵿,9500      ߸Ծ ڶ Ƣ ״µ    Ƣ ġƢ̶°ǵ 㿣 Ƣ Ծ٤ ̺ Ƣ ϱ  븸ؼ  
,
 쵿,丶 ؼ Ҵ
,
 쵿,   װ  ̻
,"]""["""
,
ش̺,Ѹ
ش̺,Ѹ޸
ش̺,ѻƢ ʹƢ
ش̺,Ѵٸ  
ش̺,Ѿ 
ش̺,Ѹſģ
ش̺,Ѱ
ش̺,ѹ 
ش̺,ѵΰ õ.
,
, 3/10
,"]""["""
,??ȫ ʿ ġ Ʈ ī ˷帱Կ
,"ĺ   öø ִ """"""ũ"""""""" ̿! (3Դϴ!) ??"""
,
,    ?? ȫԴ л ϸ 
,    ޴ 30ۼƮ ֽŴٰ ϳ׿!
,    Ƹ޸ī밡 5000&gt;3500  ε˴ϴ??
,
ũ, ī  ƸƮ ϰ  īε! 
ũ,ī ڰ ⵵  մ ʹ .....  ̷  ÷ϴ ...ФФФ??
ũ,( ̰ õ  ϰ ŵ.. ʹ Ÿ.......ФФФФ ׷ 絵 ī ׸  Ӱ õϰ 輼)
ũ,
ũ,ο ̸ Է   ȵ ī信. 
ũ,ɵ   Ľ ̿    ~~
ũ,Űſﵵ ־ !!λ ⵵  ϸ ⵵ ƿ! δ ׳ ð̴ ɾƼ ! ϱ⿡  ϴ !!!!! (ϰ Ż糳 ʾƼ õ!!!!????) 
ũ,
ũ,  ģϽð  ִ   ôϱ ѹ ּż  䵵 ֽø .. Ͻǰſ 
ũ,Ȥ Ʈ ī並   ̶ ѹ  !!!   ϰ ִ ð ȫе ø   ìܵ帱Կ ????????
,"]""["""
ھ,ھ  Ʒ 9000
ھ,ܸ ؼ ؼ θ Ծ
ھ,ٸ ī ¥  丮Ĵ ε
ھ,   
,"]""["""
,ƴ     ö° پ˰ ǸҶߴµ ... 2ȣ µ  Ѹ Ф̤̤̤̤  ̽ ...? ܸ...?   ð  ֽð    ֽɤ̤̤̤  ɵ  Ծµ  Ƽ 峭.   ߿ ְ....ũ ž  ψ... ׳ ְ ڴ 2ȣ 
,2ȣ ± ٵ 𸣴µ (  1ȣ ȭؼ þ) ɾ߽Ĵ ֿ丮 ľ  ɴϴ
,"]""["""
,
,
, ó  2аŸ( ó ø꿵  ؼ     )
,
, ְ ÿ̳ 󽬰  ࿡ ȴ ĵ  ־
,
, ܱε ѱ  ϸ鼭 ģϽ  ĵ ־ õմϴ!
,"]""["""
ż,ż 
ż,⸸ Ͼµ
,"]""["""
θ,θ ߰ !  7900
θ, 尡  ִµ ʹ Ѱ ̾ߤФ ̰  Ѱž... 忡 Ưϰ ̶̹  ׸ 丶  ø갡 ־ ־!!
θ,ʷϻ 巹 ٵҽµ  ʰ  ̶ ʹ   ־!  巹 Ȼѷ Դµ ѷ 
θ,尡   ȵ  ġ ϱ ѹ Ծ:)
,"]""["""
,  ϴ
,
, Խǿ  ı  µ
,淡 ÷
,
,
,"  ϳ 3,000"
," 1,000"
,"׸ 佺Ʈ 2,000~3,000"
,
,ġ ܹ  ڳֱ 
, ֹϸ ̶  ּ
, ĺ-!
,
,ǽϽʼ ӴԾƹ~! 
,"]""["""
,
,
ȫŸ̷ ,ġ:ȫ Խ  
ȫŸ̷ ,
ȫŸ̷ ,±  50 Ѵٱ淡 ôµ 
ȫŸ̷ ,....(?? ñ!!)
ȫŸ̷ ,
ȫŸ̷ ,ٵ  ! ٵ κΰõȰŶ    ־!   ־ Դ°  ־    ְ Ծ ФФФ
ȫŸ̷ ,
ȫŸ̷ ,۰ δ ߱̾!ٵ ѱ Ͻ 
ȫŸ̷ ,"׷  δޱ....ġ ߰ ̷͵  50 ֽô,,,"
ȫŸ̷ ,Ծȿ 뷡͵  ׷  ..
ȫŸ̷ ,ٵ ¥ վ
ȫŸ̷ ,1ܰ Ծµ   ƴϰ 
ȫŸ̷ , ѷ ҽ    !!!
ȫŸ̷ ,
ȫŸ̷ ,"¥  վ....۰  ñ,,,,"
ȫŸ̷ ,
ȫŸ̷ ,"Һ   ġ ΰ, ߰ ߴµ "
ȫŸ̷ ,5800 Ծ 
ȫŸ̷ ,
ȫŸ̷ ,۰ 䵵 񽺷 ִ
ȫŸ̷ ,
ȫŸ̷ ,??????۰ ҽ    ִµ  Ծ...¥ ־.......
ȫŸ̷ ,"ҽ, ,߱⸧  ҽ  µ "
,"]""["""
, 
,
,ġŲ+ø 8000
,
,׻ ϸ Դ´
,"]""["""
369Ȱȸ,3㿡 15 Ÿ  369Ȱȸ
370Ȱȸ,ù°   16000  10000        ø
371Ȱȸ, ȸ ΰ żϰ   ־   ̶  ͻ  ͻ ; ׷ ȸ ־
372Ȱȸ, Ѱ  ǰ 翡 ޶ Ծ ǰ ģ 簡 ǰ Ƽ    
,"]""["""
,  9000 Ե 8000
,  ¥...   Ը  ε   ü   ׸    ɵ Դٰ  ٸ ޴  Ծôµ ʹ ¥ §   Դ  ɵ Ծ ɵ  ٵ  ö
,"]""["""
ưk,ưk ī12000+ݸ߰1000+ڳӽ1000
ưk,ī Ծ ;µ ī  ΰ     ٰ... ¼     ־! ä    ãƺ µ  ִ ä  ⳻   ε巯 ׳ ׷ ݸ  ̴ Ƣϱ ʹ ִ ׸ ڳӽ ־ ϰ ޴ϰ ູ
ưk,  Ƽ θ  ȣ   ־  ׷     ־    Ų 
ưk,⵵     Ĵ ְ   ޹ ÷ ؼ  
,"]""["""
ڹġ,ڹġ ? ݹݹ 7900 +  1300
ڹġ,ũ Ų    ǰؼ  ߸ ֹ߳ ׷     𸣰ھ Ƹ 䰡ݹݹ ƴұ
ڹġ,  ϱ  ü ݾ ȴ   ǳ?   ѻϱ ߴµ  6ù ϱ  ۿ 
ڹġ,ε巴 ְ   ҷ  ī ó Ծµ Ǵ   ְ Ĩ  ༭      ֱ鼭  ԰      ޾Ƽ  
,"]""["""
,
,
귣,ȿøٰ....
귣,ؿ  ϱ淡 
,"]""["""
 ս, ս ı
 ս,Ѹ  Ʈ 15000 Ծ
 ս,"ణ Ҷ ġƴ ġ ֽ,,ġ϶ µ ù° Ҷ ģϽôٰ ιʹ ǥ  ֽð ұ ִµ װ͵  ̶ ι Ծµ ǰ ǥ Ťбٵ   ġ     !! ϸ õ ֵ"
,"]""["""
귣,̸Ʈ 귣 ñ״ó Ʈ ״µ
귣,ȿ 빰 ̷ 混ϱ ֽϱ?
귣,
귣, ҽ Լ  ϰ 帣 ǳϰ  Ű ׸ 
귣,
귣, 
귣,
귣,귣  ŷ  ı⿴ϴ
,"]""["""
Űͷ,Űͷ Ƽ 4900
Űͷ,ΰ ͻ µ ޾ 
Űͷ,󶼰 ִٸ ̷ ϱ...  ¸ ǿܷ ̻ ׸   Ʈ̽
,"]""["""
ھ,"ھ,,, ,,,, ʰ,,,,, 9õ,,,,"
,"]""["""
,
,
νĴ,Ÿ  Ͽ ɸ ٿԴµ  ¥ !   ̾ƴ϶  ̾. 
,  ̶ ̶   ٲٰ . ̳ ҰⰡ ̾.   ϴ  ῡ ߰... νŸ ٲ ޴ֵ ÷
,
, 
 Ÿ,Ÿ õ 淡 Ÿ ȥ ϰ 
 Ÿ, ĵ̷μ  տ  ϴµ  ׷ ڱ  ƴ.
 Ÿ,̰   ΰ   û Ѱ   Ǵ⿡   Ⱥִٰ ؾϳ.. δ ̰ſ
 Ÿ, ׷  ʾƼ  ʽڵ鿡  õ!! 
 Ÿ,  û ģϽð   ƺ
 Ÿ,
 Ÿ, ٵ տ̳ ȭǪ    Żε.. Ф
 Ÿ,(  ԰  ˼)
,"]""["""
,
ʹ,ġ:ī̾߿ Ƕ 
ʹ,ī̾  ֱ淡 
ʹ,ɵ 9500
ʹ,ؿ ҽ   ̽ ƴ ̼ҵ ̽  ο  ϴµ ð  ɸ
ʹ,δ Ǵ ־
ʹ, ޽þ߸ŭ Ϻ  β ϰ   θ ξ
ʹ, ִ ̼ 屹 ʹ ־ ﻷ
,"]""["""
,
ο칮,ī  2500
ο칮,ũ ߷γҲ ƿƮ ¿ϸ
ο칮,˸
,"]""["""
ھ,"ھ þ.  ī Ծôµ  . ޴  ¦ ѵ ũ  .   9000  , ̶ ī  ߰ !"
,"]""["""
ȫ,߾߾ ֵ ȫ 𵨸ؼ  ߴµ  ̴ܸ 
ȫ, ̶ ٿ 
,"]""["""
," -&gt; Ͽ Ÿ """""" ̸ ٲټ̾"""
Ͽ Ÿ ,", ޴  Ȱƿ!"
Ͽ Ÿ , ϱ淡  ó ôµ ʹ ģϼФ
Ͽ Ÿ ,ȥ  2μ ɾҴµ   ŵ ȴٰ ϰ! 񽺷 꽺 ּ̾Ф
Ͽ Ÿ ,  ϰ  ־
Ͽ Ÿ ,ٵ  !!
Ͽ Ÿ , ɽðε    ĵ ݹ    ƿ!
,"]""["""
,1  
,
, ħ -     . 
,Կ  ޴ Ⱦ ô ϸ鼭 ü   ʾҴ. 
,   Ӹ ӿ ø    ֹߴ. 
,"׷ ,  ɺ ֹ ϴٴ  ƿԴ. ħ    ʾҴ ̴. "
,-  Ϸ縦  ϴ  ƽϸ  ġ 佺Ʈ  ֹߴ.
, 佺Ʈ  İ Ҵ. ÿ ä ƻ  Դ  ɽ ʾҴ. Դ        ƽ̴. 
,   ̰şm .  msg ܷõ  Ը  丮    Ǿ.
," ħ   Ϸµ, Բ    ̴. "
,"   մε ٸ  ԰ ° ̾ؼ ׷""""""  Բ. """
,"Կ     ģ ̾,     Ͽ ־ ϱ.   Կ ø   ."
ǹ,ξ ׸Ƽ 3.9
ǹ,ڽ 4.2
ǹ,
ǹ,ȰƼ    
ǹ,ѿ  հ ;µ
ǹ,++÷+ ؼ 
ǹ,   ??
ǹ,ڽ     
ǹ,  ϴ  
ǹ,4.2ѰŰѴµ ̽   ְ ״ ȺѰŰ
,"]""["""
ȫĿ,Ÿ  ȫĿ  ٽ״µ ¥ Ŀ .. ũٰ  ߴ ͺξ Ǿ. 
, ũ⿡ 2500̸ ٵ  Ծ . 
,û ٴ ʰ ϰ  ٸ ״ . 
,ؼ   ׳    Ծ  θ Ͱ ũ⿩ ߾( Դ ڱ.)
,
ε , ¸  ⸧  
ε ,
ε ,ѳ  
ε , ٸ  ɽѸ д
ε ,ѵ⸧ ޸
ε ,  
ε ,Ѻ
ε ,ģ
ε ,ѳ
ε ,Ѱ 7~10
ε ,Ѽֵ.
,"]""["""
 ش̺, ش̺ Һε õΰ õΰ
 ش̺,
 ش̺,޽Ŀ Դ Һε ϰ ״µ  ٸ ̾
 ش̺,ణ ī+...?  § ־ 
 ش̺,    亸 ҽ   
 ش̺,  Ⱦϴµ   ִ  ־ 
 ش̺,¥ ġ ¥ ֽð ̴ ϸ  ּ̾
,"]""["""
ڸ ɾ߽Ĵ,ȫ  ڸ ɾ߽Ĵ ٿԴµ  û 
ڸ ɾ߽Ĵ, 9000¥ ɵ
,"]""["""
ھ,ȫ  ھ ٿԴµ ִ
ھ,μ ִ 
,"]""["""
,AND THEN SOME TABLE
,
 ش̺,Ÿ ô!
 ش̺, ī Ծ ī 7õ  2õ  11000ġ̴!
 ش̺,
 ش̺,   Դ ī ϴٰ ϼż ߰ ΰ Ű ;µ ϳۿ Ű ϳ ſ ״.
 ش̺,
 ش̺,ſ.  ! ̰ Ա⿣ ʴ.
 ش̺,
 ش̺,"츮   մԺʹ ī  ư,,"
 ش̺,
 ش̺,˹ٴ Ļϴµ ŷӰ ص ˼ϴٸ ĵ ̴ּ!
 ش̺,
 ش̺, .
,"]""["""
,
 ߵȸ, ģ  ѹ Ծϱ (   ׷)淡  µ  Ծ  ö(?)  
 ߵȸ,ٵ ָӴ ϴϱ ̾ϴٸ鼭 ٷ ٽ ֽð 񽺷 ݶ ּ
 ߵȸ,ȯ  ߾µ Űũ ȯҹޱ⵵ ŷοŰ ð 󸶾  ٽ ֽŰ ԰
,"]""["""
,
аμ,Ÿġ 4500
аμ,ƿ̵ 5000
аμ, ̵尡 ¦  ŭ ϴ. 
аμ,Ÿġ ޴ϱ  ƴ  
аμ, ߵ ð  عٶ ϱ 
,"]""["""
, ٸ .
,
ٸ ,û Ŀ ٸ    ½  ԾѴ.
ٸ , Ƽ ұ.. 𰡰 ¬©ϰ  ְ ְ  ̶ Ҵ.
ٸ ,3000ġ  ū  Ƽ .!
ٸ ,   θ   ѳ մϴ .
ٸ ,б  .. ݹ ͼ ??
,"]""["""
,
 žپ,"¡Ƣ 쵿 Ʈ (7,500)"
,
 žپ,- ʸ Ƣ û ʱ  1.5 
,"]""["""
,
 Ÿξ,ȣȣ̿ 2
 Ÿξ,ٰ Ƽ ׳ µ  ѵ մ ̾  
 Ÿξ,  θ ?
 Ÿξ,Ľ 丶  ϳ 
 Ÿξ,  ־ 䵵   Ķ ־ äԴ±̷  
 Ÿξ, ׳   𸣰ڰ   湮ǻ   Ծž
,"]""["""
,ڸ ֿ丮(ڸ ɾ߽Ĵ 2ȣ)
,
ڸ ֿ丮,ť꽺ũ  8500
ڸ ֿ丮,
ڸ ֿ丮,1ȣ ִٴϴµ 1ȣ  Ͻŵ
ڸ ֿ丮,1ȣ̶ ū  
ڸ ֿ丮,
ڸ ֿ丮,Ŭ ƿ  ȿ ִ
,"]""["""
佺Ʈ, ī   佺Ʈ
佺Ʈ,  ǳ ִ ..?
佺Ʈ,ư Ը  ε巴 żϰԴ
佺Ʈ, ䷯μ  ¥  Դµ ⸸ŭ  ̽?ϴٰ  µ.. 
佺Ʈ,
佺Ʈ, ׸ 
,"]""["""
,
Ҹ ȫǻŸ,...   µ    ٲٰ  ũ. 䱸 ʾҴµ  ᳪ ũ ᳪ  ~~ ̷ ؾ ִ~ ׷ ~~߾ 
Ҹ ȫǻŸ, ̷ ϴ°  
,"]""["""
׷κ 177, ƿԾ.
׷κ 177,߳׿.  å Ϸ б ٴϷ װڽϴ.
׷κ 177, ׶ û  .  ݵ ûΰ. ־ī Ұմϴ.
׷κ 177,
׷κ 177,",  ,  θ  Ǽ  ó    ī䡱"
׷κ 177,
׷κ 177,"Ŀ ̽   . Ŀ  õ 2 ϴ.  꽺    ִ  . Ʈ , ׷, 座 ̽   Ʈ ÷Ʈ ϴ.  ̽ũ  絵   ʰ   ʴ´. ü  ޴ ֹص а  Ǹ ʴ´."
׷κ 177,
׷κ 177,׷κ 177 񽺴  ּ ϴ 񽺴. ǿ  Բ ڸ 3.0 ϴ 񽺶 Ѵ. ֳϸ  ϼ  ϴġ  ʰ  ʴ¡ ͵ ߿ϱ ̴.
׷κ 177,
׷κ 177,"ֹ (?)       ϴµ, űϰ      ʴ´. ¼   νε..."
׷κ 177, 
׷κ 177,ī  ڿ ۾ ģȭ ̺ ܼƮ  ִ. ̴ ְ  ƴϰڴ°?
׷κ 177,
׷κ 177,
׷κ 177,"ֿ  ޴ 5~7õ ̴.  īġ  ִ ,  ,  Ⱑ ִ ȿ ϸ  ̶  .   Ư ޴ Ư   ͵ ƴϰ,   ͵ ƴϴ.    Ѵٸ    ϰڴ. "
׷κ 177,
׷κ 177,"  ġִ. Ǽ  ,    ߵ  ġִ.  α  ָ 󸶵 ʾ ü ϰ  ȱ⿡ . 2ȣ ̿ ȫԱ ߰  ġ ִٰ ϸ ǰڴ. "
׷κ 177,
׷κ 177, Ÿ 忡 ϸ .   ã 쳪  ణ   ִ.
׷κ 177,
׷κ 177, ƴ ī䰡   ִ ְ ȿ شٰ Ѵ. ٵ  ǰ  . ̸̺ ڰ  ̴. ȶ ׳ ڵ ִ. 
׷κ 177,
׷κ 177,"ȭ ûϰ     ׸  Ǿִ.  е Ǿ,  ȭǵ   (20)ִ.ռ     . "
׷κ 177,
׷κ 177,"ٵ ۾ ȸǿ ģȭ  ش. ܼƮ  ְ,  ü Ĺ ҿ ġִ.  ġ  ߷ ̱⿡, ȭϱ⿡ ϴ. ٸ δ  ̵ ణ    ִ.    õǾ  ʴ."
׷κ 177,
׷κ 177,
׷κ 177,1ٴ ణ    ̿ ġִ. ī 2  ̴  ׸   ִµ īʹ   . 
׷κ 177,
׷κ 177,ƹư ī ̴ â    帣     ִ.  Ҹ     췯.  Ʈ Ḧ ޴ Ŵ  е ǥõȴ. 
׷κ 177,
׷κ 177,"ī ׷κ 177 ȭϱ⿡ ۾ϱ⿡  ,  ī    ǿ̸鼭  ִ ⸦ Ѵ. "
׷κ 177,
׷κ 177,"  ǿ ҿ ķ ڰ ġǾ ְ     Ű ǰ   ִ.  ϱ⵵  ̴. αٿ Ǽ  Ǿ ־ ȴٰ ⿡ . ٸ ī鵵   ׷ 177ٴ   Ǽ,  뷱 ϼ  ."
׷κ 177,
׷κ 177,
׷κ 177,", , ,  ȭ ǰ    ī.      ȿ  Ͱ . ʹ ò ʹ  ʾ ۾ϱ⿡ ȭϱ⿡  . "
׷κ 177,
׷κ 177,׷κ 177 ԰  ΰ ˾ ڴ.
,"]""["""
ö, Ĭ öbar
ö,  16000̱ ڴ  ȳ
ö, ¥ ûû ģϽñ Ĭ Ƽ ¯
ö,  ߵ 
ö,"2ð 츮 ̺ۿ ,,,"
ö, ¯  ֽɤ
,"]""["""
ǽŹ, ǽŹ ٳ!
ǽŹ,⺻ Ծµ ־ Ե ģ
ǽŹ, ܰմ̶ ̾߱ϴ° ϱ  1޵ ȵƴµ մԵ ̿ͼ  󶳶? Ͻô° 󤾤
ǽŹ,
ǽŹ, ȫ̶ ϴϱ    ̾Ƽ ׳  ȫ մԵ鲲 ʹ ˼ߴ ϼ..
ǽŹ,
ǽŹ,ٵ Ȯ մ ̴ µ µ 20 ɸ..
ǽŹ,
ǽŹ,Ƣ  ִµ  ѵ
ǽŹ,ũ ִµ ణ ....Ф
ǽŹ,
ǽŹ,  !
,"]""["""
,
 ø,߼ 3㿡 ־ؼ ¸ 尬ٰ 鷶
 ø,¡Ƣ  Űžؿ ¡ հ ΰٿ β!!!! 絵 ¯ƿ!!
 ø,
 ø,ȥڰٰ ݵԾ  
 ø, 3000
 ø,3500
 ø,¡Ƣ3000
,"]""["""
,
,
 ǹ, 
 ǹ,
 ǹ,ӽŴ  ִ ϰ ڱ ̾ ɷŴ ϰ ε巯 ̾ 
 ǹ,
 ǹ, Ұ Ʃ Ͽ̾ Ÿ Ծ 
 ǹ,  ʹ
,"]""["""
,
,
 , ɷ ÷ 
 ,
 ,ִ?
 , Ӷ  ڱ ʾ
 , Ҵµ
 ,ݵ ĽŸ ¥  ()̾ϴ.
 ,
 ,̵ ī  · ø ̱  ϰڽϴ.
 ,׳ հ   ̸ ˸ ;..
,"]""["""
,
 쵿,ġ: ︲ұ
 쵿,: 8~9õ
 쵿,޴: ع쵿 쵿 ÿ쵿  쵿
 쵿,
 쵿,ÿ쵿 Ծµ  ʱʱϰ 쵿 ÷ִ Ƣ赵 ־
,"]""["""
Ϳڳ,"Ϳڳ/ 6000 , ƮðƢ/2000"
Ϳڳ,
Ϳڳ,ƿ丮  ڳ  
Ϳڳ,
Ϳڳ,ڳĴ   ̸ θ . Դ  1/4   Դϴ. ۾ƺ ġ+а+ ҽ  ѵ. Ļ 뵵  ؼ ̳  ַ..  ƴѰ
Ϳڳ,
Ϳڳ,"Ʈ  巹  , ä żؼ ҳ׿ "
Ϳڳ,
Ϳڳ,Ƣ 2000ε ׳ ִ Ƣ.. 
Ϳڳ,
Ϳڳ, ־  ģ   Ϸ մϴ   ʰ µ ֹȣ 18ۿ ȵż.. ϴ    ÷
,"]""["""
,
ȫ ī,Ÿ  淡 ẽ
ȫ ī, ٷ  Ǫ  2  !   ȵż ׷ ƹ µ  Ծ ־
ȫ ī,ó   Ե ģϽñ
ȫ ī, īε  ī 
ȫ ī,7500 絵 ߾! ٸ ī޴ 8~9õ  ϴ
,"]""["""
,
 ,3㿡    
 ,180g 4800 ӹ߰ 500
 ,ѵ  
 ,ڱ θ
 ,ןƿ 
,"]""["""
,
,ġɷ÷
,10000
,
,źᵵ Ѹ̰ ־
,"]""["""
,
,
Ʈֶ, Ȱ
Ʈֶ,⵵ ־µ ĽŸ 尡  ̾
,"]""["""
,(  !) 
,
,??  - 
, ̿  Ƽ
, ϴ   ! ݴ   
,ģ ġ޴ ߽ϴ. ġ() ⺻ 丶ĽŸ(ุõ)
,   (?)  ִ  Ƽ. 켱   ġ޴ ̶ ݿ ؼ
,ƽ  ־ϴ.   ⶧ ݴ밡  Ǵ    ־ϴ.
,ġ޴ Ĵ  ޴  Ǵϴ°  Ȯϴϱ.   ġ޴ Դϴ.
, ٸ   ݴ ٸ    ϱ.!     ĽŸԴϴ.
,Ȯ ĽŸ ԰ Ĵ    ־ϴ.
,ǰԡ ̶ Ծ ĽŸ  ͼϰ 
,ҽ Ư¡̾ϴ.   ĽŸ鵵
,ҽ  ߾.
,    丶並  ҽ   Ҿ. ׷ ڱ  ȣϽô е鿡Դ
,ζ     ƿ.
,"̸ ź е ƽð, ڱ   ʽϴ. ׷  ַ ϴ Ĵ̱ "
,"  ǰϰ, ణ ɽ  ִ  ϴ."
,"̸  ° ƴ̻ ġ޴     ,     Բ"
,İ Ѻ Ѻ ǰ    ʾҽϴ. ǵ  Ϸ  .
, ַ¸޴ ԰ ı⸦ ܺڽϴ !
,
,??Ʈ  -
κ,"ռ  ĽŸ   ִ, ͼ ĽŸԴϴ.   ĽŸ Ҵµ."
κ,8-9õ   ִ   մϴ.
κ, ظԴ    ڱ ?
κ," ʾҾ. ĽŸ ԰       ƿ. ٸ,    ʾҽϴ. ٸ ĽŸ ؼ ణ  ̾."
κ,"ũ 丶  8:2    öԴµ,   ʾƼ      ϴ."
κ,׷ Ϻη  ϼ  ..!
,
,ƹư ڱ ôµ.
,ȫ    𸣰ڴ 
,ϰ   Դϴ. θ ּ.
,
,  ϴ ͺ մϴ !
,"]""["""
,? ? ı
, 
,⺻ 䵵 ְ ߸԰ ׳ ̸ 
,ٵ ûᳲ  ̰  ǳʸ û հó  ŸӸ   ԰ ־   Ⱦܺ ι̳ ǳʾߵŤФ
,ٵ  ܼ Ⱕ
,ȿ 쵵 °  ⺻  ̴
,ݸ ԰ ı⾵  Ծ 빰  𸣰  ñġ   ܹ ﳪµ   ִµ ȳ
,ư  õ  ģϽð  20 30 ִ Ծµ ־~  ູ
,
߰,ǽī տ ܼ ôµ  ƾ
߰,̼״µ ׳ ర淹 ִ° İߴ ٰŶϸ鼭 ε淹 ׳ Ծµ ̺ ѹ ֱ淡 ε   γİ ߴ ڱ ߸ذŶ ׶ ϳ׿ ٵ ׷鼭  
߰,ó г ׷ 𸣰ڴµ 𰡷 ſµ ͼ ٽ ; ̾
,"]""["""
,ؿ  ò Խ  ּ ڳ   ˹ٻε  Ÿ ÷޶ Ź߰  ִٰ ؼ øٰ Ҵµ... ÷ ? ȫ л ޵ ̾
,"]""["""
,  佺Ʈ ı
,
,  
,
, 
,
,ģ 
,
,ġ 
,
,湮 ǻ 
,
,(⺻佺Ʈٴ   ¼ ̳  õ)
,"]""["""
